temperature_2m,relative_humidity_2m,precipitation,cloud_cover,wind_speed_10m,global_tilted_irradiance,diffuse_radiation,sunshine_duration,latitude,longitude,elevation,hour_sin,hour_cos,day_of_year_sin,day_of_year_cos,gti_lag_1,cloud_cover_lag_1
22.9,88,0.1,87,9.1,174.7,61.0,3600.0,6.9802,81.0577,683.0,-0.9659258262890684,-0.2588190451025206,-0.1073081316563624,0.994225811815616,355.1,93.0
27.7,79,1.5,100,4.7,719.5,360.0,3600.0,6.0461,80.2103,24.0,0.258819045102521,-0.9659258262890682,-0.8517119107469189,0.5240103253675756,626.8,100.0
23.8,97,1.1,100,6.1,69.7,43.0,0.0,8.7514,80.4971,104.0,0.7071067811865476,-0.7071067811865475,-0.4972040784469378,0.8676336233547726,14.4,100.0
28.4,78,1.1,99,6.5,548.6,285.0,3600.0,7.4839,80.3683,146.0,1.2246467991473532e-16,-1.0,-0.9410336347451196,0.3383130181923076,952.9,82.0
27.9,75,0.2,100,14.0,563.6,240.0,3600.0,6.93548,79.84868,7.0,-0.7071067811865471,-0.7071067811865479,-0.9975590477788612,0.0698279757298708,422.4,100.0
25.4,91,0.4,100,5.9,211.0,124.0,1436.45,7.93965,81.00274,60.0,-0.4999999999999997,-0.8660254037844388,-0.7379428103031386,0.6748632518680403,200.8,100.0
22.9,99,1.0,100,4.3,9.7,7.0,0.0,8.7514,80.4971,104.0,0.9659258262890684,-0.2588190451025206,-0.4822058478963526,0.8760579434344281,0.0,100.0
25.7,84,0.0,38,7.7,161.2,68.0,3600.0,6.5831,79.9593,7.0,0.9659258262890684,-0.2588190451025206,-0.978988873740932,-0.2039136706831147,9.7,100.0
26.2,90,1.3,100,6.4,356.8,163.0,3600.0,7.2523,80.3436,176.0,-0.8660254037844385,-0.5000000000000004,-0.9962102997023295,0.0869772313136861,566.7,100.0
30.0,76,2.1,43,5.4,950.3,148.0,3600.0,6.6858,80.4036,73.0,1.2246467991473532e-16,-1.0,-0.3893781415452015,0.9210779895789526,889.3,64.0
29.9,76,1.2,52,26.9,824.0,115.0,3600.0,6.1241,81.1185,10.0,-0.4999999999999997,-0.8660254037844388,-0.0730451882110474,0.9973286321364752,758.1,77.0
25.0,93,0.0,100,5.7,10.5,3.0,327.77,9.3961,80.3982,24.0,1.0,6.123233995736766e-17,-0.6383844591746642,0.7697176640069211,0.0,100.0
25.4,88,2.2,100,3.7,546.0,278.0,3600.0,7.2906,80.6336,500.0,-0.4999999999999997,-0.8660254037844388,-0.5120551783114646,0.8589525565270845,768.0,100.0
27.5,80,0.0,100,10.6,130.9,46.0,3600.0,7.7102,81.6924,17.0,-0.9659258262890684,-0.2588190451025206,-0.3893781415452015,0.9210779895789526,373.7,100.0
25.6,82,0.1,100,20.5,61.1,30.0,1615.85,9.3961,80.3982,24.0,-0.9659258262890684,-0.2588190451025206,-0.0901900042703451,0.99592457702866,276.3,100.0
24.4,92,0.1,100,12.5,12.7,6.0,535.02,6.93548,79.84868,7.0,1.0,6.123233995736766e-17,-0.999832969770105,0.0182765576816912,0.0,100.0
21.4,67,0.6,95,1.9,864.9,237.0,3600.0,6.97078,80.78286,1868.0,0.4999999999999999,-0.8660254037844387,-0.9903973200352558,0.1382503109109819,681.0,100.0
23.9,95,0.9,100,7.6,177.1,104.0,1236.63,7.93965,81.00274,60.0,0.7071067811865476,-0.7071067811865475,-0.957232443323312,0.2893199776186952,34.6,100.0
28.2,77,0.2,88,12.1,395.2,158.0,3600.0,5.94851,80.53528,9.0,0.8660254037844387,-0.4999999999999998,-0.994788305609327,-0.1019618900517457,145.5,100.0
30.1,65,0.2,20,10.5,568.4,181.0,3600.0,6.6858,80.4036,73.0,-0.7071067811865471,-0.7071067811865479,-0.9854237542919524,-0.1701176783204905,519.8,100.0
24.2,91,0.0,100,4.7,121.1,49.0,3600.0,7.2523,80.3436,176.0,0.9659258262890684,-0.2588190451025206,-0.999832969770105,0.0182765576816912,2.1,100.0
29.8,57,0.0,11,9.0,936.2,145.0,3600.0,7.2906,80.6336,500.0,0.258819045102521,-0.9659258262890682,-0.5556819724760489,0.8313949395234058,768.9,100.0
28.9,74,0.7,89,10.6,641.7,264.0,3600.0,5.94851,80.53528,9.0,-0.4999999999999997,-0.8660254037844388,-0.8235472349556007,0.5672476988027229,825.4,95.0
26.3,90,0.9,100,17.6,583.6,183.0,3600.0,9.268,80.815,8.0,-0.7071067811865471,-0.7071067811865479,-0.0730451882110474,0.9973286321364752,749.6,89.0
28.3,80,2.1,100,7.9,364.8,210.0,3280.59,9.3961,80.3982,24.0,0.258819045102521,-0.9659258262890682,-0.6772399381909491,0.7357622347736527,425.7,100.0
28.4,76,0.5,73,15.6,565.3,156.0,3600.0,9.66845,80.00742,7.0,0.7071067811865476,-0.7071067811865475,-0.5120551783114646,0.8589525565270845,302.1,93.0
31.0,57,0.0,74,9.5,869.6,126.0,3600.0,5.94851,80.53528,9.0,0.4999999999999999,-0.8660254037844387,-0.9011686968561567,0.4334685453485363,696.9,19.0
29.8,62,0.0,69,22.3,917.5,211.0,3600.0,6.8714,81.3487,151.0,1.2246467991473532e-16,-1.0,-0.1073081316563624,0.994225811815616,864.4,73.0
23.8,90,0.0,15,2.9,204.7,64.0,3600.0,7.4698,80.6217,366.0,0.9659258262890684,-0.2588190451025206,-0.7607200913564104,0.6490800741100398,15.7,66.0
29.5,64,0.0,17,7.4,845.5,141.0,3600.0,8.0362,79.8283,8.0,0.4999999999999999,-0.8660254037844387,-0.9155458729775467,0.4022135682368036,667.4,10.0
27.4,74,0.0,97,23.7,433.2,214.0,3600.0,9.66845,80.00742,7.0,-0.2588190451025208,-0.9659258262890684,-0.2924059769510773,0.956294277219772,640.9,91.0
26.6,85,0.1,100,4.3,84.1,50.0,375.41,6.5831,79.9593,7.0,-0.8660254037844385,-0.5000000000000004,-0.8517119107469189,0.5240103253675756,122.9,100.0
30.2,67,0.0,15,10.1,859.4,124.0,3600.0,6.1241,81.1185,10.0,0.4999999999999999,-0.8660254037844387,-0.8035476485339116,0.5952404359043674,651.8,100.0
28.1,74,0.1,100,2.5,644.3,210.0,3600.0,7.4698,80.6217,366.0,0.7071067811865476,-0.7071067811865475,-0.8935790198239952,0.4489059314938798,417.7,100.0
30.5,67,0.3,46,13.7,893.6,220.0,3600.0,6.8714,81.3487,151.0,1.2246467991473532e-16,-1.0,-0.4208310085956556,0.9071390534005044,927.4,20.0
24.9,92,2.0,100,17.4,19.5,10.0,0.0,9.3961,80.3982,24.0,0.9659258262890684,-0.2588190451025206,-0.4972040784469378,0.8676336233547726,0.0,100.0
28.3,68,0.0,100,16.3,861.7,250.0,3600.0,7.7102,81.6924,17.0,-0.2588190451025208,-0.9659258262890684,-0.1584517749608363,0.9873667175937016,874.8,94.0
26.7,86,2.1,100,8.4,82.8,54.0,0.0,8.98945,79.87842,9.0,-0.4999999999999997,-0.8660254037844388,-0.7931896839451843,0.6089746507720486,609.2,100.0
29.4,64,0.0,16,5.3,693.3,126.0,3600.0,7.93965,81.00274,60.0,0.7071067811865476,-0.7071067811865475,-0.9084917035725082,0.4179028888867866,465.0,20.0
26.4,79,0.0,100,13.3,184.9,76.0,3600.0,8.7514,80.4971,104.0,0.9659258262890684,-0.2588190451025206,-0.9962102997023295,0.0869772313136861,15.0,86.0
29.6,74,1.6,100,4.0,725.0,367.0,3600.0,6.6858,80.4036,73.0,1.2246467991473532e-16,-1.0,-0.8935790198239952,0.4489059314938798,754.1,100.0
17.8,88,2.5,100,5.8,367.5,184.0,3600.0,6.97078,80.78286,1868.0,-0.2588190451025208,-0.9659258262890684,-0.9850556718215012,0.172236243027682,459.4,100.0
27.7,86,0.7,100,8.2,656.7,273.0,3600.0,8.5778,81.2289,10.0,0.4999999999999999,-0.8660254037844387,-0.1754125938042784,0.9844950085880858,487.7,100.0
29.9,68,0.3,58,14.3,920.3,258.0,3600.0,7.2523,80.3436,176.0,1.2246467991473532e-16,-1.0,-0.9993706508539968,0.0354725557531255,955.1,100.0
28.9,73,0.3,87,11.1,606.7,146.0,3600.0,6.93548,79.84868,7.0,-0.7071067811865471,-0.7071067811865479,-0.5978291414589552,0.801623551065242,785.8,44.0
28.3,75,3.5,89,4.1,351.8,160.0,3600.0,7.29754,81.68202,37.0,-0.7071067811865471,-0.7071067811865479,-0.9467139181463862,0.3220757010206104,545.1,83.0
23.9,92,1.4,100,5.8,66.4,49.0,0.0,7.7102,81.6924,17.0,0.258819045102521,-0.9659258262890682,-0.957232443323312,0.2893199776186952,55.4,100.0
29.8,67,0.1,76,15.3,808.2,226.0,3600.0,6.93548,79.84868,7.0,0.4999999999999999,-0.8660254037844387,-0.9882042449941422,-0.15314166701312,639.8,7.0
20.3,73,1.3,93,3.7,775.3,319.0,3600.0,6.97078,80.78286,1868.0,-0.2588190451025208,-0.9659258262890684,-0.9882042449941422,-0.15314166701312,367.3,100.0
20.9,100,0.4,100,4.9,3.4,2.0,0.0,6.9802,81.0577,683.0,0.9659258262890684,-0.2588190451025206,-0.2593382659754056,0.9657865518844574,0.0,100.0
31.8,57,0.7,83,14.8,738.3,317.0,3600.0,8.7514,80.4971,104.0,1.2246467991473532e-16,-1.0,-0.9975590477788612,0.0698279757298708,887.4,67.0
24.0,98,0.0,100,3.3,6.0,2.0,0.0,7.0897,79.9925,21.0,-1.0,-1.8369701987210294e-16,-0.2759129450029604,0.9611826292540836,53.7,100.0
27.9,76,0.0,100,10.2,382.4,168.0,3600.0,9.268,80.815,8.0,0.8660254037844387,-0.4999999999999998,-0.9620675724981452,0.2728112643340191,163.9,100.0
25.4,93,0.8,100,4.5,90.7,43.0,3600.0,7.0897,79.9925,21.0,-0.9659258262890684,-0.2588190451025206,-0.6515303615068021,0.75862255966641,281.3,100.0
26.9,83,0.5,100,17.1,321.4,171.0,3600.0,9.3961,80.3982,24.0,0.7071067811865476,-0.7071067811865475,-0.2759129450029604,0.9611826292540836,250.5,100.0
31.7,59,0.0,21,23.4,955.6,150.0,3600.0,8.98945,79.87842,9.0,0.258819045102521,-0.9659258262890682,-0.9928872135356962,-0.1190587300340498,783.3,100.0
29.0,74,0.5,45,17.0,607.3,140.0,3600.0,6.1241,81.1185,10.0,-0.7071067811865471,-0.7071067811865479,-0.8692328164574792,0.4944029842076181,803.3,41.0
27.1,81,0.0,100,5.9,117.9,55.0,3600.0,6.0461,80.2103,24.0,-0.9659258262890684,-0.2588190451025206,-0.3893781415452015,0.9210779895789526,323.3,100.0
23.2,99,0.2,100,4.3,65.2,32.0,2592.31,7.2906,80.6336,500.0,-0.9659258262890684,-0.2588190451025206,-0.7142921172691032,0.699847677146407,247.9,100.0
25.2,71,0.0,12,2.0,439.0,84.0,3600.0,6.9802,81.0577,683.0,0.8660254037844387,-0.4999999999999998,-0.4208310085956556,0.9071390534005044,186.5,11.0
25.5,91,0.6,96,16.1,348.0,131.0,3600.0,8.98945,79.87842,9.0,-0.8660254037844385,-0.5000000000000004,-0.225963608248019,0.974135744004672,479.8,100.0
27.9,82,2.7,100,17.5,483.3,209.0,3600.0,6.5831,79.9593,7.0,0.4999999999999999,-0.8660254037844387,-0.994788305609327,-0.1019618900517457,316.4,99.0
25.0,85,0.0,100,4.0,381.7,155.0,3600.0,7.2906,80.6336,500.0,0.8660254037844387,-0.4999999999999998,-0.9986126020839734,0.052658056924614,113.5,98.0
32.4,52,0.0,100,4.5,820.6,185.0,3600.0,9.3961,80.3982,24.0,0.4999999999999999,-0.8660254037844387,-0.9223291176290545,0.3864052261209853,678.8,57.0
25.2,87,0.0,100,2.3,287.6,153.0,3600.0,7.4839,80.3683,146.0,0.8660254037844387,-0.4999999999999998,-0.9748595108374124,0.2228204077947995,80.3,100.0
23.8,96,1.8,100,4.0,88.2,46.0,3600.0,7.4698,80.6217,366.0,-0.9659258262890684,-0.2588190451025206,-0.9620675724981452,0.2728112643340191,324.3,100.0
31.1,61,0.4,100,1.6,727.1,363.0,3600.0,9.66845,80.00742,7.0,1.2246467991473532e-16,-1.0,-0.8425720899866032,0.5385835804920232,726.2,100.0
32.7,54,0.0,46,21.9,821.0,186.0,3600.0,7.7102,81.6924,17.0,-0.4999999999999997,-0.8660254037844388,-0.994788305609327,-0.1019618900517457,921.5,42.0
24.6,93,1.2,100,1.1,199.2,120.0,1095.95,7.2906,80.6336,500.0,-0.4999999999999997,-0.8660254037844388,-0.8517119107469189,0.5240103253675756,259.1,100.0
28.2,78,0.0,100,23.2,601.3,144.0,3600.0,6.1241,81.1185,10.0,0.7071067811865476,-0.7071067811865475,-0.1754125938042784,0.9844950085880858,389.6,99.0
25.6,91,1.9,100,5.8,265.0,138.0,3600.0,7.2523,80.3436,176.0,-0.8660254037844385,-0.5000000000000004,-0.9410336347451196,0.3383130181923076,580.3,85.0
22.2,80,0.0,100,5.8,116.8,66.0,1075.98,6.9802,81.0577,683.0,0.8660254037844387,-0.4999999999999998,-0.9521140536681102,0.3057430764672831,19.8,100.0
24.5,92,0.0,64,6.5,13.8,5.0,441.43,6.0461,80.2103,24.0,1.0,6.123233995736766e-17,-0.6250496486104377,0.7805849965070866,0.0,100.0
17.4,86,1.1,100,3.2,125.8,74.0,421.8,6.97078,80.78286,1868.0,-0.7071067811865471,-0.7071067811865479,-0.9854237542919524,-0.1701176783204905,145.7,100.0
28.2,69,0.0,76,17.9,632.1,129.0,3600.0,8.0362,79.8283,8.0,-0.7071067811865471,-0.7071067811865479,-0.9011686968561567,0.4334685453485363,821.8,27.0
28.7,77,0.9,81,9.4,881.3,261.0,3600.0,6.5831,79.9593,7.0,0.258819045102521,-0.9659258262890682,-0.7142921172691032,0.699847677146407,717.6,79.0
31.8,60,0.0,96,17.8,810.0,191.0,3600.0,8.98945,79.87842,9.0,0.4999999999999999,-0.8660254037844387,-0.994788305609327,-0.1019618900517457,622.2,86.0
26.1,83,0.1,100,14.4,161.1,63.0,3600.0,9.3961,80.3982,24.0,-0.9659258262890684,-0.2588190451025206,-0.0386957901765268,0.999251037438848,344.2,100.0
28.7,71,0.0,100,15.8,769.8,227.0,3600.0,8.31223,80.41306,100.0,0.4999999999999999,-0.8660254037844387,-0.5699010576127624,0.8217133225960589,607.6,100.0
28.4,79,1.3,100,16.8,598.1,150.0,3600.0,8.0362,79.8283,8.0,-0.7071067811865471,-0.7071067811865479,-0.3574644155648614,0.9339267592294762,782.5,52.0
28.9,73,0.0,85,18.0,605.8,120.0,3600.0,7.29754,81.68202,37.0,-0.7071067811865471,-0.7071067811865479,-0.3413465142450361,0.9399375283564132,635.7,91.0
29.4,72,0.8,48,15.5,980.4,151.0,3600.0,6.1241,81.1185,10.0,1.2246467991473532e-16,-1.0,-0.8425720899866032,0.5385835804920232,937.9,85.0
27.6,81,0.6,54,9.6,587.1,137.0,3600.0,8.5778,81.2289,10.0,-0.7071067811865471,-0.7071067811865479,-0.5699010576127624,0.8217133225960589,751.8,93.0
15.7,94,1.4,100,5.6,87.0,42.0,3600.0,6.97078,80.78286,1868.0,-0.9659258262890684,-0.2588190451025206,-0.8935790198239952,0.4489059314938798,156.1,100.0
29.4,64,0.0,67,9.8,979.2,210.0,3600.0,7.7102,81.6924,17.0,1.2246467991473532e-16,-1.0,-0.9708824104813836,0.239556559120927,971.4,37.0
28.2,75,0.0,22,14.5,961.8,166.0,3600.0,6.5831,79.9593,7.0,-0.2588190451025208,-0.9659258262890684,-0.9854237542919524,-0.1701176783204905,999.9,27.0
27.4,76,0.0,14,2.1,452.4,106.0,3600.0,8.31223,80.41306,100.0,0.8660254037844387,-0.4999999999999998,-0.9155458729775467,0.4022135682368036,199.7,26.0
24.7,95,0.0,100,1.8,1.8,0.0,0.0,7.0897,79.9925,21.0,-1.0,-1.8369701987210294e-16,-0.8517119107469189,0.5240103253675756,26.1,100.0
29.5,71,0.0,25,11.4,839.0,142.0,3600.0,6.8714,81.3487,151.0,0.4999999999999999,-0.8660254037844387,-0.6772399381909491,0.7357622347736527,671.9,27.0
31.8,54,0.0,55,23.7,630.5,197.0,3600.0,8.31223,80.41306,100.0,0.7071067811865476,-0.7071067811865475,-0.9928872135356962,-0.1190587300340498,387.2,62.0
23.9,93,0.1,100,11.4,11.5,6.0,306.77,6.93548,79.84868,7.0,1.0,6.123233995736766e-17,-0.9999994220246924,0.0010751512827982,0.0,100.0
26.9,69,1.0,100,1.4,260.5,160.0,2542.03,6.9802,81.0577,683.0,-0.7071067811865471,-0.7071067811865479,-0.9854237542919524,-0.1701176783204905,304.6,100.0
30.1,64,0.0,91,11.3,964.5,156.0,3600.0,7.7102,81.6924,17.0,0.258819045102521,-0.9659258262890682,-0.9854237542919524,-0.1701176783204905,852.0,34.0
27.4,84,1.8,21,3.3,829.4,185.0,3600.0,7.4698,80.6217,366.0,0.4999999999999999,-0.8660254037844387,-0.7717727365467836,0.6358984534680745,671.1,21.0
29.1,76,0.0,15,29.0,804.4,111.0,3600.0,6.1241,81.1185,10.0,-0.4999999999999997,-0.8660254037844388,-0.4363729641045924,0.8997658785476209,916.3,32.0
30.2,63,0.0,79,30.5,946.9,169.0,3600.0,8.98945,79.87842,9.0,-0.2588190451025208,-0.9659258262890684,-0.9999994220246924,0.0010751512827982,989.8,93.0
15.7,87,0.0,100,4.6,39.9,29.0,0.0,6.97078,80.78286,1868.0,-0.7071067811865471,-0.7071067811865479,-0.9823516608469236,-0.1870433490699165,54.8,100.0
28.6,76,3.2,100,7.5,758.1,238.0,3600.0,9.66845,80.00742,7.0,0.4999999999999999,-0.8660254037844387,-0.8517119107469189,0.5240103253675756,631.3,100.0
28.5,81,1.8,100,5.6,710.4,356.0,3600.0,6.6858,80.4036,73.0,-0.2588190451025208,-0.9659258262890684,-0.9986126020839734,0.052658056924614,820.3,100.0
18.4,84,1.3,96,5.9,636.2,287.0,3600.0,6.97078,80.78286,1868.0,0.4999999999999999,-0.8660254037844387,-0.9708824104813836,0.239556559120927,660.6,89.0
32.1,62,0.0,86,21.9,744.2,231.0,3600.0,7.29754,81.68202,37.0,-0.4999999999999997,-0.8660254037844388,-0.9906923101615608,-0.136120338622667,944.8,39.0
28.5,63,0.0,74,21.5,900.7,110.0,3600.0,9.66845,80.00742,7.0,-0.2588190451025208,-0.9659258262890684,-0.3251276029999093,0.9456701548465688,903.1,100.0
29.5,71,0.4,81,11.5,947.7,174.0,3600.0,6.1241,81.1185,10.0,0.258819045102521,-0.9659258262890682,-0.8331829385891785,0.5529974600700271,839.9,79.0
27.3,81,0.0,16,1.8,446.3,108.0,3600.0,7.2523,80.3436,176.0,0.8660254037844387,-0.4999999999999998,-0.7931896839451843,0.6089746507720486,193.9,23.0
32.4,58,0.0,63,4.1,901.4,141.0,3600.0,7.0897,79.9925,21.0,0.258819045102521,-0.9659258262890682,-0.3574644155648614,0.9339267592294762,789.8,11.0
30.0,65,0.0,44,12.5,929.1,161.0,3600.0,6.1241,81.1185,10.0,-0.2588190451025208,-0.9659258262890684,-0.9155458729775467,0.4022135682368036,996.4,57.0
27.7,88,1.5,26,5.4,405.5,91.0,3600.0,5.94851,80.53528,9.0,-0.8660254037844385,-0.5000000000000004,-0.4051645224207563,0.9142437912130223,609.6,29.0
30.3,69,0.0,100,11.3,376.8,125.0,3600.0,7.29754,81.68202,37.0,-0.8660254037844385,-0.5000000000000004,-0.9962102997023295,0.0869772313136861,635.4,24.0
26.0,85,0.7,100,9.2,2.7,1.0,0.0,6.93548,79.84868,7.0,-1.0,-1.8369701987210294e-16,-0.8776087166898392,0.4793776594606945,112.3,100.0
28.6,78,2.7,100,13.4,885.2,236.0,3600.0,6.8714,81.3487,151.0,-0.2588190451025208,-0.9659258262890684,-0.8425720899866032,0.5385835804920232,929.0,99.0
24.3,96,0.1,100,3.6,70.6,40.0,211.57,7.0897,79.9925,21.0,0.8660254037844387,-0.4999999999999998,-0.2593382659754056,0.9657865518844574,34.0,100.0
23.2,96,0.0,100,2.2,21.8,14.0,0.0,6.6858,80.4036,73.0,0.9659258262890684,-0.2588190451025206,-0.9823516608469236,-0.1870433490699165,2.0,100.0
24.5,95,3.1,100,4.1,11.0,7.0,0.0,7.4839,80.3683,146.0,-0.9659258262890684,-0.2588190451025206,-0.6515303615068021,0.75862255966641,239.0,100.0
27.7,76,0.1,100,4.7,387.8,124.0,3600.0,6.0461,80.2103,24.0,-0.8660254037844385,-0.5000000000000004,-0.2091735056463563,0.9778785428342386,490.4,100.0
24.8,91,0.0,78,5.4,10.7,5.0,382.19,5.94851,80.53528,9.0,-1.0,-1.8369701987210294e-16,-0.999832969770105,0.0182765576816912,158.4,57.0
31.3,58,0.0,100,2.7,669.9,257.0,3600.0,7.4839,80.3683,146.0,0.258819045102521,-0.9659258262890682,-0.5412984521036173,0.8408305333122887,650.6,100.0
25.7,82,0.0,100,7.6,272.9,120.0,3600.0,6.5831,79.9593,7.0,0.8660254037844387,-0.4999999999999998,-0.1584517749608363,0.9873667175937016,81.4,100.0
28.8,74,1.6,12,8.7,774.9,115.0,3600.0,9.3961,80.3982,24.0,0.4999999999999999,-0.8660254037844387,-0.3734765374130707,0.9276396261490468,598.4,7.0
28.4,78,0.8,100,7.8,811.4,283.0,3600.0,7.29754,81.68202,37.0,0.258819045102521,-0.9659258262890682,-0.2593382659754056,0.9657865518844574,657.6,100.0
29.7,65,0.1,100,5.9,850.5,350.0,3600.0,6.8714,81.3487,151.0,0.258819045102521,-0.9659258262890682,-0.8776087166898392,0.4793776594606945,757.7,100.0
28.8,71,0.0,100,25.2,606.8,334.0,3600.0,8.0362,79.8283,8.0,-0.4999999999999997,-0.8660254037844388,-0.97139528468375,-0.2374683155584684,588.1,100.0
24.0,92,0.0,43,6.0,199.7,56.0,3600.0,5.94851,80.53528,9.0,0.9659258262890684,-0.2588190451025206,-0.5699010576127624,0.8217133225960589,14.1,39.0
31.9,57,0.3,86,3.8,702.5,288.0,3600.0,7.2523,80.3436,176.0,1.2246467991473532e-16,-1.0,-0.5556819724760489,0.8313949395234058,870.4,86.0
24.8,87,0.0,100,9.4,43.2,21.0,865.48,6.8714,81.3487,151.0,0.9659258262890684,-0.2588190451025206,-0.1923215052390948,0.9813319716704276,1.0,100.0
27.1,72,1.6,80,6.1,709.6,252.0,3600.0,6.9802,81.0577,683.0,1.2246467991473532e-16,-1.0,-0.4208310085956556,0.9071390534005044,941.5,53.0
23.2,89,0.0,0,4.1,13.1,7.0,508.41,7.2906,80.6336,500.0,-1.0,-1.8369701987210294e-16,-0.9928872135356962,-0.1190587300340498,181.1,81.0
28.5,76,0.6,100,32.7,948.1,197.0,3600.0,8.0362,79.8283,8.0,0.258819045102521,-0.9659258262890682,-0.9987235240803972,-0.0505106171852228,828.4,68.0
28.9,73,1.0,30,10.2,994.5,216.0,3600.0,7.2523,80.3436,176.0,1.2246467991473532e-16,-1.0,-0.994788305609327,-0.1019618900517457,953.2,44.0
27.9,76,0.0,100,9.2,379.1,168.0,3600.0,9.268,80.815,8.0,0.8660254037844387,-0.4999999999999998,-0.9926289059345096,0.121193461470736,113.7,100.0
27.0,90,1.7,100,13.6,772.0,336.0,3600.0,8.5778,81.2289,10.0,1.2246467991473532e-16,-1.0,-0.2924059769510773,0.956294277219772,792.1,100.0
24.5,93,0.1,64,10.2,9.2,3.0,131.38,8.5778,81.2289,10.0,-1.0,-1.8369701987210294e-16,-0.0901900042703451,0.99592457702866,167.7,100.0
28.1,73,0.1,93,22.9,924.2,145.0,3600.0,9.3961,80.3982,24.0,1.2246467991473532e-16,-1.0,-0.0215013727408137,0.999768818762748,880.9,100.0
24.8,93,0.0,100,5.8,49.3,26.0,594.17,6.0461,80.2103,24.0,0.9659258262890684,-0.2588190451025206,-0.7262249146041543,0.6874571793269664,10.6,97.0
26.4,86,2.2,77,2.6,599.4,171.0,3600.0,7.4698,80.6217,366.0,-0.7071067811865471,-0.7071067811865479,-0.8776087166898392,0.4793776594606945,747.6,48.0
28.4,74,0.5,95,17.1,865.7,240.0,3600.0,6.0461,80.2103,24.0,-0.2588190451025208,-0.9659258262890684,-0.8857249183835637,0.4642104791518923,935.9,94.0
29.3,76,0.8,42,3.6,685.8,140.0,3600.0,6.6858,80.4036,73.0,0.7071067811865476,-0.7071067811865475,-0.9011686968561567,0.4334685453485363,458.6,32.0
25.5,92,2.6,73,10.5,3.4,1.0,0.0,7.29754,81.68202,37.0,-1.0,-1.8369701987210294e-16,-0.4051645224207563,0.9142437912130223,120.2,87.0
25.0,88,0.1,81,7.8,99.8,42.0,3600.0,7.29754,81.68202,37.0,0.9659258262890684,-0.2588190451025206,-0.0901900042703451,0.99592457702866,3.4,63.0
23.9,96,0.0,100,10.2,83.6,38.0,3600.0,8.31223,80.41306,100.0,0.9659258262890684,-0.2588190451025206,-0.2759129450029604,0.9611826292540836,3.4,100.0
28.1,71,0.0,100,2.9,10.1,5.0,359.42,6.8714,81.3487,151.0,-1.0,-1.8369701987210294e-16,-0.9928872135356962,-0.1190587300340498,64.2,100.0
26.5,90,1.4,100,16.9,673.7,267.0,3600.0,8.98945,79.87842,9.0,-0.4999999999999997,-0.8660254037844388,-0.225963608248019,0.974135744004672,865.6,60.0
29.2,68,0.4,77,15.3,787.8,324.0,3600.0,7.4839,80.3683,146.0,1.2246467991473532e-16,-1.0,-0.9977068927101168,-0.0676827617545516,904.9,100.0
24.5,84,0.0,100,17.8,141.3,47.0,3600.0,6.1241,81.1185,10.0,0.9659258262890684,-0.2588190451025206,-0.0901900042703451,0.99592457702866,3.4,100.0
29.2,71,0.1,61,12.4,828.6,191.0,3600.0,8.31223,80.41306,100.0,0.4999999999999999,-0.8660254037844387,-0.8692328164574792,0.4944029842076181,522.3,80.0
31.2,61,0.0,47,4.5,923.0,185.0,3600.0,7.4839,80.3683,146.0,0.258819045102521,-0.9659258262890682,-0.7021479494046978,0.7120310787787131,808.0,39.0
27.7,74,0.0,50,5.1,452.7,112.0,3600.0,8.7514,80.4971,104.0,0.8660254037844387,-0.4999999999999998,-0.9011686968561567,0.4334685453485363,192.9,100.0
22.7,85,0.1,72,7.9,414.5,121.0,3600.0,6.9802,81.0577,683.0,-0.8660254037844385,-0.5000000000000004,-0.0386957901765268,0.999251037438848,550.1,100.0
24.8,78,0.8,100,9.3,546.9,235.0,3600.0,6.9802,81.0577,683.0,-0.4999999999999997,-0.8660254037844388,-0.0215013727408137,0.999768818762748,634.1,96.0
26.0,83,0.0,78,13.4,11.9,7.0,299.23,9.3961,80.3982,24.0,1.0,6.123233995736766e-17,-0.9854237542919524,-0.1701176783204905,0.0,88.0
24.3,97,0.0,55,0.7,13.8,5.0,432.81,7.93965,81.00274,60.0,1.0,6.123233995736766e-17,-0.6383844591746642,0.7697176640069211,0.0,95.0
27.9,82,2.2,100,7.9,798.3,339.0,3600.0,7.2523,80.3436,176.0,-0.2588190451025208,-0.9659258262890684,-0.9850556718215012,0.172236243027682,950.4,82.0
26.4,85,0.7,100,10.1,236.9,126.0,3600.0,9.3961,80.3982,24.0,0.8660254037844387,-0.4999999999999998,-0.8331829385891785,0.5529974600700271,94.0,100.0
24.0,93,0.0,100,10.8,5.9,2.0,0.0,6.8714,81.3487,151.0,-1.0,-1.8369701987210294e-16,-0.0558787569053731,0.9984375616565666,51.2,100.0
30.4,62,0.0,100,20.9,415.5,126.0,3600.0,9.3961,80.3982,24.0,0.8660254037844387,-0.4999999999999998,-0.9906923101615608,-0.136120338622667,179.2,19.0
27.5,84,1.2,84,8.4,570.9,170.0,3600.0,5.94851,80.53528,9.0,-0.7071067811865471,-0.7071067811865479,-0.9410336347451196,0.3383130181923076,582.0,90.0
28.9,68,0.0,88,13.8,365.2,106.0,3600.0,9.66845,80.00742,7.0,-0.8660254037844385,-0.5000000000000004,-0.8857249183835637,0.4642104791518923,540.1,100.0
28.2,83,1.0,100,8.0,651.0,153.0,3600.0,5.94851,80.53528,9.0,0.7071067811865476,-0.7071067811865475,-0.7142921172691032,0.699847677146407,414.5,95.0
26.4,80,0.6,100,15.0,544.3,256.0,3600.0,6.5831,79.9593,7.0,1.2246467991473532e-16,-1.0,-0.9708824104813836,0.239556559120927,787.2,100.0
29.4,77,0.1,100,2.4,539.4,205.0,3600.0,8.5778,81.2289,10.0,0.7071067811865476,-0.7071067811865475,-0.4051645224207563,0.9142437912130223,342.1,100.0
26.3,84,2.2,100,7.1,1.7,0.0,0.0,6.93548,79.84868,7.0,-1.0,-1.8369701987210294e-16,-0.8692328164574792,0.4944029842076181,12.9,100.0
28.7,77,1.7,82,6.8,950.4,275.0,3600.0,7.2523,80.3436,176.0,1.2246467991473532e-16,-1.0,-0.9850556718215012,0.172236243027682,601.4,92.0
26.9,78,0.0,48,20.3,437.8,82.0,3600.0,9.66845,80.00742,7.0,-0.8660254037844385,-0.5000000000000004,-0.0215013727408137,0.999768818762748,620.3,97.0
23.8,85,0.0,100,11.2,386.4,143.0,3600.0,6.9802,81.0577,683.0,0.8660254037844387,-0.4999999999999998,-0.4972040784469378,0.8676336233547726,121.8,91.0
26.2,76,0.0,100,6.2,322.1,158.0,3600.0,7.4698,80.6217,366.0,0.7071067811865476,-0.7071067811865475,-0.1923215052390948,0.9813319716704276,256.5,94.0
30.8,62,0.0,39,3.4,961.5,115.0,3600.0,6.0461,80.2103,24.0,1.2246467991473532e-16,-1.0,-0.0215013727408137,0.999768818762748,913.0,89.0
29.5,73,1.4,59,12.9,778.0,167.0,3600.0,6.93548,79.84868,7.0,-0.4999999999999997,-0.8660254037844388,-0.3734765374130707,0.9276396261490468,900.5,55.0
22.2,89,0.0,68,4.2,13.3,4.0,515.21,6.6858,80.4036,73.0,1.0,6.123233995736766e-17,-0.5699010576127624,0.8217133225960589,0.0,15.0
25.0,89,0.0,34,6.5,15.6,7.0,529.44,6.5831,79.9593,7.0,1.0,6.123233995736766e-17,-0.9011686968561567,0.4334685453485363,0.0,100.0
29.0,75,1.0,90,11.5,683.8,251.0,3600.0,7.0897,79.9925,21.0,-0.4999999999999997,-0.8660254037844388,-0.9963950238187232,-0.0848348779057653,895.0,100.0
28.8,76,0.4,100,20.7,568.4,182.0,3600.0,6.1241,81.1185,10.0,-0.7071067811865471,-0.7071067811865479,-0.5699010576127624,0.8217133225960589,795.2,31.0
23.7,94,0.0,100,6.3,13.5,6.0,327.72,6.93548,79.84868,7.0,1.0,6.123233995736766e-17,-0.8605996962501181,0.5092820071573356,0.0,100.0
19.6,76,1.9,97,8.0,813.1,287.0,3600.0,6.97078,80.78286,1868.0,-0.2588190451025208,-0.9659258262890684,-0.7142921172691032,0.699847677146407,708.7,99.0
29.5,60,0.0,100,6.3,543.1,200.0,3600.0,7.4698,80.6217,366.0,-0.7071067811865471,-0.7071067811865479,-0.5839514998576998,0.8117885474764613,699.7,100.0
25.4,90,0.5,100,5.5,261.0,145.0,3363.72,7.2523,80.3436,176.0,-0.7071067811865471,-0.7071067811865479,-0.9288394302558068,0.3704825404820963,447.9,100.0
33.3,50,0.0,36,29.8,1003.5,132.0,3600.0,9.3961,80.3982,24.0,1.2246467991473532e-16,-1.0,-0.9987235240803972,-0.0505106171852228,961.3,38.0
31.2,65,0.2,100,11.0,840.2,290.0,3600.0,5.94851,80.53528,9.0,1.2246467991473532e-16,-1.0,-0.4051645224207563,0.9142437912130223,902.4,82.0
27.3,69,0.0,16,18.1,650.6,98.0,3600.0,6.8714,81.3487,151.0,0.7071067811865476,-0.7071067811865475,-0.141444067687942,0.989946248902378,414.2,21.0
28.0,73,0.1,35,8.9,422.1,131.0,3600.0,7.2523,80.3436,176.0,-0.8660254037844385,-0.5000000000000004,-0.994788305609327,-0.1019618900517457,655.9,96.0
35.9,40,0.0,89,15.3,978.1,222.0,3600.0,8.7514,80.4971,104.0,1.2246467991473532e-16,-1.0,-0.9963950238187232,-0.0848348779057653,533.5,100.0
24.4,95,0.5,100,9.1,1.0,1.0,0.0,6.0461,80.2103,24.0,1.0,6.123233995736766e-17,-0.7379428103031386,0.6748632518680403,0.0,100.0
23.6,96,0.0,100,1.1,6.3,2.0,0.0,7.93965,81.00274,60.0,1.0,6.123233995736766e-17,-0.3574644155648614,0.9339267592294762,0.0,100.0
24.5,96,1.0,100,4.0,3.1,1.0,0.0,7.2523,80.3436,176.0,-1.0,-1.8369701987210294e-16,-0.4208310085956556,0.9071390534005044,77.9,100.0
30.7,64,0.0,100,24.2,782.9,372.0,3600.0,8.98945,79.87842,9.0,1.2246467991473532e-16,-1.0,-0.9963950238187232,-0.0848348779057653,906.0,100.0
24.3,96,0.2,100,0.8,57.7,37.0,0.0,6.6858,80.4036,73.0,0.7071067811865476,-0.7071067811865475,-0.6115298757991053,0.7912213413483807,20.8,100.0
26.5,78,0.1,100,21.5,205.4,118.0,1552.43,9.66845,80.00742,7.0,0.4999999999999999,-0.8660254037844387,-0.2924059769510773,0.956294277219772,162.0,100.0
28.2,78,0.9,100,3.6,111.9,52.0,3600.0,8.98945,79.87842,9.0,-0.9659258262890684,-0.2588190451025206,-0.8605996962501181,0.5092820071573356,360.4,100.0
27.8,85,2.3,100,17.3,644.7,163.0,3600.0,6.0461,80.2103,24.0,0.7071067811865476,-0.7071067811865475,-0.9963950238187232,-0.0848348779057653,424.9,100.0
28.4,70,0.0,100,24.0,87.5,50.0,2406.98,9.3961,80.3982,24.0,-0.9659258262890684,-0.2588190451025206,-0.9753363880767836,-0.2207236509605022,188.6,100.0
32.5,54,0.0,98,24.1,898.4,255.0,3600.0,9.3961,80.3982,24.0,0.258819045102521,-0.9659258262890682,-0.978988873740932,-0.2039136706831147,819.1,68.0
28.6,74,0.1,94,9.7,325.5,165.0,3600.0,7.29754,81.68202,37.0,-0.7071067811865471,-0.7071067811865479,-0.6115298757991053,0.7912213413483807,644.8,91.0
29.0,71,0.1,69,12.2,658.8,161.0,3600.0,6.93548,79.84868,7.0,0.7071067811865476,-0.7071067811865475,-0.9350748843515574,0.3544502230989869,414.2,91.0
29.2,71,0.5,100,7.3,762.6,220.0,3600.0,9.3961,80.3982,24.0,0.258819045102521,-0.9659258262890682,-0.6250496486104377,0.7805849965070866,415.6,100.0
28.1,76,0.0,16,22.6,185.5,67.0,3600.0,8.98945,79.87842,9.0,-0.9659258262890684,-0.2588190451025206,-0.9977068927101168,-0.0676827617545516,434.0,53.0
26.5,86,1.7,100,6.4,444.1,228.0,3600.0,7.2523,80.3436,176.0,-0.4999999999999997,-0.8660254037844388,-0.9350748843515574,0.3544502230989869,528.0,100.0
24.4,92,2.4,100,4.1,325.4,183.0,2937.03,7.2906,80.6336,500.0,-0.2588190451025208,-0.9659258262890684,-0.4972040784469378,0.8676336233547726,788.0,95.0
19.4,81,1.5,100,4.4,710.9,221.0,3600.0,6.97078,80.78286,1868.0,0.4999999999999999,-0.8660254037844387,-0.3734765374130707,0.9276396261490468,550.7,100.0
15.4,96,0.0,100,5.2,6.3,2.0,0.0,6.97078,80.78286,1868.0,-1.0,-1.8369701987210294e-16,-0.3574644155648614,0.9339267592294762,128.7,100.0
28.4,68,0.0,100,5.0,219.3,131.0,872.45,6.8714,81.3487,151.0,1.2246467991473532e-16,-1.0,-0.9975590477788612,0.0698279757298708,207.1,100.0
26.7,79,0.0,100,2.4,71.2,35.0,2113.94,8.98945,79.87842,9.0,0.9659258262890684,-0.2588190451025206,-0.9521140536681102,0.3057430764672831,6.7,100.0
29.5,69,0.0,100,4.7,272.0,136.0,3600.0,7.0897,79.9925,21.0,-0.8660254037844385,-0.5000000000000004,-0.1584517749608363,0.9873667175937016,573.1,100.0
28.1,84,1.6,21,6.1,622.8,112.0,3600.0,5.94851,80.53528,9.0,-0.7071067811865471,-0.7071067811865479,-0.5120551783114646,0.8589525565270845,798.9,38.0
26.0,85,0.3,99,11.4,389.1,186.0,3600.0,6.5831,79.9593,7.0,1.2246467991473532e-16,-1.0,-0.981947190186646,0.1891552687200409,108.6,100.0
23.8,96,0.0,100,4.0,27.9,17.0,0.0,8.5778,81.2289,10.0,0.9659258262890684,-0.2588190451025206,-0.9785481345802032,0.2060183203251708,3.2,100.0
25.1,89,0.0,100,4.7,112.6,53.0,3600.0,8.31223,80.41306,100.0,0.9659258262890684,-0.2588190451025206,-0.9223291176290545,0.3864052261209853,9.6,100.0
30.3,68,0.0,100,21.6,859.7,323.0,3600.0,6.93548,79.84868,7.0,1.2246467991473532e-16,-1.0,-0.9926289059345096,0.121193461470736,862.8,99.0
27.7,85,0.8,100,14.5,524.4,207.0,3600.0,9.66845,80.00742,7.0,0.7071067811865476,-0.7071067811865475,-0.5699010576127624,0.8217133225960589,333.9,100.0
27.0,84,0.1,22,6.2,447.5,114.0,3600.0,6.8714,81.3487,151.0,0.8660254037844387,-0.4999999999999998,-0.6897960046655887,0.7240037789593305,202.4,24.0
32.5,53,0.0,100,27.5,567.0,284.0,3600.0,7.29754,81.68202,37.0,-0.4999999999999997,-0.8660254037844388,-0.9999994220246924,0.0010751512827982,823.1,100.0
27.8,74,0.4,100,2.2,381.1,195.0,3600.0,7.2906,80.6336,500.0,-0.2588190451025208,-0.9659258262890684,-0.7607200913564104,0.6490800741100398,731.7,85.0
28.8,63,0.0,100,13.7,256.8,158.0,1313.1,8.7514,80.4971,104.0,0.258819045102521,-0.9659258262890682,-0.9753363880767836,-0.2207236509605022,92.8,100.0
25.8,88,1.0,100,11.5,65.5,44.0,0.0,6.0461,80.2103,24.0,-0.7071067811865471,-0.7071067811865479,-0.9850556718215012,0.172236243027682,329.1,100.0
33.3,51,0.0,48,25.0,996.8,159.0,3600.0,9.3961,80.3982,24.0,1.2246467991473532e-16,-1.0,-0.9928872135356962,-0.1190587300340498,855.8,84.0
22.8,88,0.0,89,6.2,137.3,48.0,3600.0,6.9802,81.0577,683.0,-0.9659258262890684,-0.2588190451025206,-0.5839514998576998,0.8117885474764613,391.4,46.0
25.2,93,0.9,84,6.6,193.6,83.0,3600.0,8.7514,80.4971,104.0,-0.8660254037844385,-0.5000000000000004,-0.4670649248774303,0.8842230238742036,329.1,95.0
26.9,82,0.1,100,1.5,159.1,60.0,3600.0,7.2523,80.3436,176.0,-0.9659258262890684,-0.2588190451025206,-0.1923215052390948,0.9813319716704276,406.6,94.0
24.9,90,1.8,100,9.7,4.4,3.0,0.0,6.1241,81.1185,10.0,-0.9659258262890684,-0.2588190451025206,-0.4972040784469378,0.8676336233547726,12.3,100.0
28.6,76,0.0,26,8.1,655.0,116.0,3600.0,6.0461,80.2103,24.0,0.7071067811865476,-0.7071067811865475,-0.6250496486104377,0.7805849965070866,423.6,71.0
28.6,75,0.7,25,6.3,842.3,144.0,3600.0,6.0461,80.2103,24.0,0.4999999999999999,-0.8660254037844387,-0.8136678304455991,0.5813300798152042,673.3,73.0
31.1,62,0.0,100,17.1,746.6,353.0,3600.0,6.93548,79.84868,7.0,-0.2588190451025208,-0.9659258262890684,-0.0215013727408137,0.999768818762748,859.4,100.0
26.9,84,0.3,100,11.4,251.5,122.0,3600.0,8.31223,80.41306,100.0,-0.8660254037844385,-0.5000000000000004,-0.5412984521036173,0.8408305333122887,362.2,100.0
31.9,61,0.0,61,22.6,629.6,127.0,3600.0,6.93548,79.84868,7.0,-0.7071067811865471,-0.7071067811865479,-0.3088124812662537,0.9511229423235356,810.7,31.0
25.2,90,0.0,100,7.0,5.3,2.0,0.0,9.268,80.815,8.0,1.0,6.123233995736766e-17,-0.7494423368521954,0.6620696215153815,0.0,100.0
24.1,95,0.0,100,2.7,104.4,47.0,3600.0,7.93965,81.00274,60.0,0.9659258262890684,-0.2588190451025206,-0.2593382659754056,0.9657865518844574,5.6,100.0
25.5,87,1.0,100,5.2,330.6,154.0,3600.0,6.5831,79.9593,7.0,0.7071067811865476,-0.7071067811865475,-0.9521140536681102,0.3057430764672831,52.9,100.0
26.7,86,1.5,100,12.2,111.1,44.0,3600.0,7.7102,81.6924,17.0,-0.9659258262890684,-0.2588190451025206,-0.5556819724760489,0.8313949395234058,331.9,100.0
27.7,82,1.7,100,6.1,553.4,276.0,3600.0,6.6858,80.4036,73.0,-0.4999999999999997,-0.8660254037844388,-0.9999994220246924,0.0010751512827982,879.8,100.0
27.1,82,0.3,21,7.7,381.4,97.0,3600.0,6.5831,79.9593,7.0,0.8660254037844387,-0.4999999999999998,-0.3893781415452015,0.9210779895789526,134.5,91.0
28.3,77,0.0,85,18.3,932.6,248.0,3600.0,6.5831,79.9593,7.0,0.258819045102521,-0.9659258262890682,-0.9878726596350428,0.1552662498599956,844.3,91.0
28.9,55,0.0,100,7.2,794.7,294.0,3600.0,6.9802,81.0577,683.0,0.4999999999999999,-0.8660254037844387,-0.9928872135356962,-0.1190587300340498,677.8,100.0
25.5,84,0.1,100,11.2,290.6,160.0,2910.6,5.94851,80.53528,9.0,0.4999999999999999,-0.8660254037844387,-0.5412984521036173,0.8408305333122887,319.4,100.0
29.7,72,0.6,100,17.6,540.3,232.0,3600.0,7.7102,81.6924,17.0,-0.7071067811865471,-0.7071067811865479,-0.9903973200352558,0.1382503109109819,747.1,89.0
27.8,75,0.5,100,7.5,342.4,133.0,3600.0,6.8714,81.3487,151.0,-0.8660254037844385,-0.5000000000000004,-0.9011686968561567,0.4334685453485363,401.7,100.0
29.7,72,0.7,98,14.5,892.4,274.0,3600.0,5.94851,80.53528,9.0,1.2246467991473532e-16,-1.0,-0.4670649248774303,0.8842230238742036,902.2,36.0
28.1,78,0.6,20,9.2,394.3,99.0,3600.0,6.5831,79.9593,7.0,0.8660254037844387,-0.4999999999999998,-0.4208310085956556,0.9071390534005044,152.0,25.0
28.8,75,0.8,100,9.2,660.5,296.0,3600.0,6.1241,81.1185,10.0,0.4999999999999999,-0.8660254037844387,-0.3251276029999093,0.9456701548465688,531.3,100.0
27.2,89,0.7,25,12.4,761.3,140.0,3600.0,8.5778,81.2289,10.0,0.4999999999999999,-0.8660254037844387,-0.0730451882110474,0.9973286321364752,578.4,41.0
27.8,69,0.0,43,7.2,825.8,212.0,3600.0,7.4698,80.6217,366.0,0.258819045102521,-0.9659258262890682,-0.0386957901765268,0.999251037438848,571.9,87.0
26.5,88,1.0,100,0.5,77.5,36.0,3205.99,8.98945,79.87842,9.0,-0.9659258262890684,-0.2588190451025206,-0.4051645224207563,0.9142437912130223,240.8,100.0
29.1,74,0.0,70,15.9,542.5,176.0,3600.0,7.7102,81.6924,17.0,-0.7071067811865471,-0.7071067811865479,-0.9945667569706336,0.1041007489354256,814.6,59.0
27.7,87,2.0,100,8.4,379.3,199.0,3600.0,7.0897,79.9925,21.0,-0.7071067811865471,-0.7071067811865479,-0.6383844591746642,0.7697176640069211,435.1,100.0
25.2,90,2.2,100,5.7,11.5,5.0,165.59,9.3961,80.3982,24.0,1.0,6.123233995736766e-17,-0.8035476485339116,0.5952404359043674,0.0,100.0
27.4,77,0.8,100,2.5,461.2,205.0,3600.0,7.2906,80.6336,500.0,-0.4999999999999997,-0.8660254037844388,-0.5267547528105542,0.8500173118187018,721.0,75.0
27.6,82,0.2,100,10.2,126.2,46.0,3600.0,9.3961,80.3982,24.0,-0.9659258262890684,-0.2588190451025206,-0.4208310085956556,0.9071390534005044,383.6,40.0
15.7,96,0.1,100,4.7,5.9,4.0,0.0,6.97078,80.78286,1868.0,-1.0,-1.8369701987210294e-16,-0.9854237542919524,-0.1701176783204905,33.9,100.0
29.9,65,1.6,100,3.9,766.1,173.0,3600.0,8.31223,80.41306,100.0,-0.4999999999999997,-0.8660254037844388,-0.8331829385891785,0.5529974600700271,912.0,83.0
30.5,65,0.9,100,16.3,498.8,170.0,3600.0,9.3961,80.3982,24.0,-0.4999999999999997,-0.8660254037844388,-0.9878726596350428,0.1552662498599956,537.3,100.0
29.1,75,0.3,0,17.8,633.9,123.0,3600.0,7.7102,81.6924,17.0,-0.7071067811865471,-0.7071067811865479,-0.9962102997023295,0.0869772313136861,823.3,6.0
27.2,78,1.7,100,9.0,166.5,99.0,1171.96,8.31223,80.41306,100.0,-0.7071067811865471,-0.7071067811865479,-0.9785481345802032,0.2060183203251708,254.6,100.0
22.4,95,0.3,87,4.8,206.2,98.0,3600.0,7.2906,80.6336,500.0,-0.8660254037844385,-0.5000000000000004,-0.9708824104813836,0.239556559120927,193.1,100.0
29.6,55,0.0,81,8.3,946.8,153.0,3600.0,7.2906,80.6336,500.0,0.258819045102521,-0.9659258262890682,-0.5699010576127624,0.8217133225960589,845.2,100.0
27.1,76,0.0,76,6.8,438.3,118.0,3600.0,7.2523,80.3436,176.0,0.8660254037844387,-0.4999999999999998,-0.9993706508539968,0.0354725557531255,189.7,22.0
28.6,74,0.2,96,4.4,614.6,202.0,3600.0,8.31223,80.41306,100.0,0.7071067811865476,-0.7071067811865475,-0.8425720899866032,0.5385835804920232,398.0,100.0
25.9,81,3.2,100,6.6,540.2,254.0,3600.0,6.9802,81.0577,683.0,-0.7071067811865471,-0.7071067811865479,-0.999832969770105,0.0182765576816912,689.3,95.0
27.0,89,0.0,96,6.1,190.9,90.0,3600.0,8.5778,81.2289,10.0,0.8660254037844387,-0.4999999999999998,-0.3893781415452015,0.9210779895789526,57.0,100.0
26.3,87,0.1,100,7.2,367.1,146.0,3600.0,7.93965,81.00274,60.0,0.8660254037844387,-0.4999999999999998,-0.5556819724760489,0.8313949395234058,146.5,100.0
26.1,83,0.0,17,18.2,3.5,2.0,0.0,6.1241,81.1185,10.0,-1.0,-1.8369701987210294e-16,-0.9410336347451196,0.3383130181923076,138.4,22.0
24.0,92,0.0,67,3.5,10.0,4.0,83.98,6.8714,81.3487,151.0,1.0,6.123233995736766e-17,-0.3893781415452015,0.9210779895789526,0.0,100.0
29.3,64,0.1,100,8.5,28.9,20.0,0.0,9.268,80.815,8.0,-0.8660254037844385,-0.5000000000000004,-0.9753363880767836,-0.2207236509605022,32.9,100.0
28.7,68,0.0,10,5.1,677.5,144.0,3600.0,7.4839,80.3683,146.0,0.7071067811865476,-0.7071067811865475,-0.9620675724981452,0.2728112643340191,448.7,16.0
30.6,60,0.0,100,11.7,708.9,252.0,3600.0,8.5778,81.2289,10.0,-0.4999999999999997,-0.8660254037844388,-0.8692328164574792,0.4944029842076181,850.1,100.0
28.1,74,0.1,100,7.6,392.3,212.0,3600.0,8.0362,79.8283,8.0,-0.7071067811865471,-0.7071067811865479,-0.957232443323312,0.2893199776186952,532.7,100.0
29.6,77,2.5,100,5.6,782.2,330.0,3600.0,6.6858,80.4036,73.0,-0.2588190451025208,-0.9659258262890684,-0.6897960046655887,0.7240037789593305,760.2,89.0
27.7,83,1.4,72,9.5,739.7,343.0,3600.0,7.4839,80.3683,146.0,-0.2588190451025208,-0.9659258262890684,-0.9945667569706336,0.1041007489354256,801.5,58.0
26.3,86,0.0,100,3.8,344.7,131.0,3600.0,7.0897,79.9925,21.0,0.8660254037844387,-0.4999999999999998,-0.3574644155648614,0.9339267592294762,114.5,100.0
21.5,54,0.0,94,8.5,1019.0,132.0,3600.0,6.97078,80.78286,1868.0,0.258819045102521,-0.9659258262890682,-0.9084917035725082,0.4179028888867866,912.1,83.0
26.5,81,0.0,100,6.5,117.8,78.0,0.0,6.93548,79.84868,7.0,1.2246467991473532e-16,-1.0,-0.978988873740932,-0.2039136706831147,209.4,100.0
28.0,81,0.3,15,8.4,612.0,130.0,3600.0,7.0897,79.9925,21.0,0.7071067811865476,-0.7071067811865475,-0.4208310085956556,0.9071390534005044,388.2,11.0
32.2,54,0.0,73,5.8,844.0,157.0,3600.0,9.268,80.815,8.0,0.4999999999999999,-0.8660254037844387,-0.9223291176290545,0.3864052261209853,633.5,100.0
28.0,71,0.0,66,13.1,692.3,144.0,3600.0,6.8714,81.3487,151.0,0.7071067811865476,-0.7071067811865475,-0.9467139181463862,0.3220757010206104,470.3,75.0
26.3,89,0.5,100,8.9,310.8,132.0,3600.0,8.5778,81.2289,10.0,0.8660254037844387,-0.4999999999999998,-0.1584517749608363,0.9873667175937016,95.7,100.0
29.0,77,1.2,38,4.6,962.5,174.0,3600.0,7.4839,80.3683,146.0,1.2246467991473532e-16,-1.0,-0.7717727365467836,0.6358984534680745,931.4,100.0
25.8,88,0.5,100,8.2,142.4,84.0,1796.26,7.2523,80.3436,176.0,-0.8660254037844385,-0.5000000000000004,-0.9993706508539968,0.0354725557531255,394.3,100.0
28.9,74,2.3,100,9.7,971.4,148.0,3600.0,9.66845,80.00742,7.0,1.2246467991473532e-16,-1.0,-0.8935790198239952,0.4489059314938798,872.5,53.0
28.7,70,0.3,39,10.7,748.7,171.0,3600.0,9.268,80.815,8.0,-0.4999999999999997,-0.8660254037844388,-0.5120551783114646,0.8589525565270845,780.7,100.0
29.3,74,1.6,62,12.7,941.5,258.0,3600.0,7.0897,79.9925,21.0,1.2246467991473532e-16,-1.0,-0.9850556718215012,0.172236243027682,841.5,61.0
30.4,66,0.1,31,9.8,907.7,145.0,3600.0,7.2523,80.3436,176.0,-0.2588190451025208,-0.9659258262890684,-0.4208310085956556,0.9071390534005044,927.4,48.0
26.5,77,1.2,94,4.5,737.6,285.0,3600.0,6.9802,81.0577,683.0,0.258819045102521,-0.9659258262890682,-0.7717727365467836,0.6358984534680745,756.4,76.0
28.4,71,0.0,93,10.5,373.4,109.0,3600.0,6.1241,81.1185,10.0,-0.8660254037844385,-0.5000000000000004,-0.8935790198239952,0.4489059314938798,619.3,79.0
22.9,95,0.0,100,6.4,7.0,3.0,0.0,8.31223,80.41306,100.0,1.0,6.123233995736766e-17,-0.5267547528105542,0.8500173118187018,0.0,100.0
23.1,89,0.0,21,4.4,13.2,7.0,525.34,7.2906,80.6336,500.0,-1.0,-1.8369701987210294e-16,-0.994788305609327,-0.1019618900517457,177.5,30.0
26.7,84,1.5,59,5.5,739.3,251.0,3600.0,7.4698,80.6217,366.0,-0.2588190451025208,-0.9659258262890684,-0.9467139181463862,0.3220757010206104,914.4,44.0
31.7,56,0.0,100,3.1,125.2,76.0,310.17,9.268,80.815,8.0,-0.7071067811865471,-0.7071067811865479,-0.9882042449941422,-0.15314166701312,73.0,100.0
28.4,72,0.0,63,11.9,955.9,168.0,3600.0,6.0461,80.2103,24.0,0.258819045102521,-0.9659258262890682,-0.9986126020839734,0.052658056924614,845.8,49.0
25.2,91,0.0,77,3.1,148.0,60.0,3600.0,7.0897,79.9925,21.0,0.9659258262890684,-0.2588190451025206,-0.7717727365467836,0.6358984534680745,2.6,100.0
15.6,83,0.0,100,5.5,116.0,52.0,3600.0,6.97078,80.78286,1868.0,-0.9659258262890684,-0.2588190451025206,-0.141444067687942,0.989946248902378,331.6,100.0
22.1,97,0.5,100,4.2,8.9,6.0,0.0,7.4698,80.6217,366.0,-0.9659258262890684,-0.2588190451025206,-0.978988873740932,-0.2039136706831147,20.9,100.0
24.4,90,0.0,26,4.4,16.5,7.0,762.72,9.3961,80.3982,24.0,1.0,6.123233995736766e-17,-0.9467139181463862,0.3220757010206104,0.0,27.0
26.8,90,1.3,100,6.8,465.6,223.0,3600.0,8.5778,81.2289,10.0,0.7071067811865476,-0.7071067811865475,-0.5120551783114646,0.8589525565270845,299.0,100.0
26.3,80,0.0,100,15.2,14.9,7.0,694.18,9.268,80.815,8.0,1.0,6.123233995736766e-17,-0.999832969770105,0.0182765576816912,0.0,66.0
23.4,84,0.0,88,8.0,391.0,99.0,3600.0,6.9802,81.0577,683.0,0.8660254037844387,-0.4999999999999998,-0.1754125938042784,0.9844950085880858,124.0,100.0
31.7,51,0.0,100,15.3,214.3,128.0,1239.67,8.7514,80.4971,104.0,-0.4999999999999997,-0.8660254037844388,-0.9999994220246924,0.0010751512827982,461.6,100.0
22.3,89,0.0,100,7.6,12.8,5.0,272.2,7.2906,80.6336,500.0,-1.0,-1.8369701987210294e-16,-0.1073081316563624,0.994225811815616,191.3,100.0
23.9,93,0.0,100,2.2,2.9,2.0,0.0,6.6858,80.4036,73.0,-1.0,-1.8369701987210294e-16,-0.9753363880767836,-0.2207236509605022,11.9,100.0
28.4,77,1.2,100,12.2,355.2,129.0,3600.0,8.0362,79.8283,8.0,-0.8660254037844385,-0.5000000000000004,-0.4051645224207563,0.9142437912130223,613.4,100.0
28.4,68,0.5,16,3.3,853.8,148.0,3600.0,7.2906,80.6336,500.0,0.4999999999999999,-0.8660254037844387,-0.8235472349556007,0.5672476988027229,682.0,17.0
29.2,79,3.4,100,3.6,567.0,156.0,3600.0,7.93965,81.00274,60.0,-0.7071067811865471,-0.7071067811865479,-0.6897960046655887,0.7240037789593305,692.1,42.0
23.6,95,0.5,100,5.2,39.4,28.0,0.0,6.8714,81.3487,151.0,-0.7071067811865471,-0.7071067811865479,-0.9521140536681102,0.3057430764672831,63.6,100.0
27.4,82,0.7,100,5.6,369.3,122.0,3600.0,5.94851,80.53528,9.0,-0.8660254037844385,-0.5000000000000004,-0.8776087166898392,0.4793776594606945,615.3,60.0
23.8,96,0.0,100,5.1,17.7,8.0,727.52,9.268,80.815,8.0,1.0,6.123233995736766e-17,-0.9288394302558068,0.3704825404820963,0.0,100.0
25.5,88,0.6,100,4.3,2.9,1.0,0.0,8.98945,79.87842,9.0,-1.0,-1.8369701987210294e-16,-0.8235472349556007,0.5672476988027229,33.3,100.0
25.6,88,3.2,100,3.8,1.6,0.0,0.0,7.93965,81.00274,60.0,-1.0,-1.8369701987210294e-16,-0.9467139181463862,0.3220757010206104,45.9,100.0
27.0,84,0.4,100,15.1,415.4,224.0,3600.0,7.7102,81.6924,17.0,0.4999999999999999,-0.8660254037844387,-0.5120551783114646,0.8589525565270845,239.6,100.0
28.9,61,0.0,76,16.0,930.7,176.0,3600.0,6.8714,81.3487,151.0,0.258819045102521,-0.9659258262890682,-0.141444067687942,0.989946248902378,839.7,30.0
27.7,82,0.0,25,22.3,190.3,59.0,3600.0,9.66845,80.00742,7.0,-0.9659258262890684,-0.2588190451025206,-0.9977068927101168,-0.0676827617545516,440.5,48.0
28.9,74,0.0,100,4.7,553.3,255.0,3600.0,6.1241,81.1185,10.0,0.7071067811865476,-0.7071067811865475,-0.7021479494046978,0.7120310787787131,296.0,100.0
31.6,60,0.8,100,6.6,819.2,236.0,3600.0,6.93548,79.84868,7.0,-0.2588190451025208,-0.9659258262890684,-0.0558787569053731,0.9984375616565666,869.4,100.0
26.5,88,1.6,100,5.8,335.7,190.0,3300.05,6.6858,80.4036,73.0,-0.4999999999999997,-0.8660254037844388,-0.9977068927101168,-0.0676827617545516,576.8,77.0
30.2,60,0.0,100,18.2,444.6,253.0,3600.0,9.3961,80.3982,24.0,0.258819045102521,-0.9659258262890682,-0.9708824104813836,0.239556559120927,436.0,100.0
28.0,82,1.1,80,25.9,876.1,173.0,3600.0,7.7102,81.6924,17.0,0.258819045102521,-0.9659258262890682,-0.0558787569053731,0.9984375616565666,760.3,100.0
29.0,79,1.8,100,3.0,875.8,212.0,3600.0,5.94851,80.53528,9.0,-0.2588190451025208,-0.9659258262890684,-0.3251276029999093,0.9456701548465688,826.2,100.0
26.5,81,0.9,75,7.6,653.0,279.0,3600.0,7.4698,80.6217,366.0,1.2246467991473532e-16,-1.0,-0.4670649248774303,0.8842230238742036,825.4,82.0
26.7,85,0.1,44,26.3,172.8,72.0,3600.0,8.98945,79.87842,9.0,-0.9659258262890684,-0.2588190451025206,-0.9994446170919858,-0.0333235257116313,418.7,27.0
33.1,54,0.0,53,27.4,866.9,209.0,3600.0,9.3961,80.3982,24.0,-0.2588190451025208,-0.9659258262890684,-0.9975590477788612,0.0698279757298708,819.1,95.0
28.9,71,0.0,87,8.3,811.5,336.0,3600.0,7.7102,81.6924,17.0,1.2246467991473532e-16,-1.0,-0.9785481345802032,0.2060183203251708,781.6,75.0
26.3,87,0.1,93,10.9,149.9,57.0,3600.0,7.93965,81.00274,60.0,-0.9659258262890684,-0.2588190451025206,-0.1923215052390948,0.9813319716704276,374.2,99.0
26.3,79,0.4,55,5.8,596.7,190.0,3600.0,7.2906,80.6336,500.0,0.7071067811865476,-0.7071067811865475,-0.9986126020839734,0.052658056924614,381.7,100.0
35.1,41,0.0,98,11.6,792.4,304.0,3600.0,8.7514,80.4971,104.0,1.2246467991473532e-16,-1.0,-0.9823516608469236,-0.1870433490699165,907.0,86.0
27.7,78,0.4,100,6.9,213.0,111.0,3600.0,8.98945,79.87842,9.0,-0.8660254037844385,-0.5000000000000004,-0.7825970017677834,0.6225286602431057,458.2,100.0
25.0,93,1.4,100,3.1,121.7,64.0,3600.0,6.6858,80.4036,73.0,-0.9659258262890684,-0.2588190451025206,-0.9994446170919858,-0.0333235257116313,178.0,100.0
27.2,81,0.7,100,21.2,548.6,172.0,3600.0,9.3961,80.3982,24.0,-0.7071067811865471,-0.7071067811865479,-0.3413465142450361,0.9399375283564132,703.8,100.0
23.9,96,1.6,100,9.1,37.4,27.0,0.0,7.0897,79.9925,21.0,-0.7071067811865471,-0.7071067811865479,-0.957232443323312,0.2893199776186952,58.5,100.0
28.4,73,0.2,100,18.8,566.9,258.0,3600.0,6.93548,79.84868,7.0,-0.7071067811865471,-0.7071067811865479,-0.9977068927101168,-0.0676827617545516,701.0,100.0
26.5,82,0.0,77,4.9,217.6,71.0,3600.0,7.29754,81.68202,37.0,0.9659258262890684,-0.2588190451025206,-0.8035476485339116,0.5952404359043674,23.6,100.0
26.2,83,0.7,100,12.3,171.6,106.0,505.63,7.4839,80.3683,146.0,-0.4999999999999997,-0.8660254037844388,-0.9998699583618592,-0.0161265732706577,280.0,100.0
30.7,63,0.0,16,2.0,829.3,131.0,3600.0,9.3961,80.3982,24.0,0.4999999999999999,-0.8660254037844387,-0.8235472349556007,0.5672476988027229,648.1,22.0
25.5,86,0.0,62,5.1,194.8,55.0,3600.0,6.0461,80.2103,24.0,0.9659258262890684,-0.2588190451025206,-0.5839514998576998,0.8117885474764613,12.3,44.0
29.5,63,0.0,100,13.3,908.0,212.0,3600.0,8.5778,81.2289,10.0,1.2246467991473532e-16,-1.0,-0.3251276029999093,0.9456701548465688,780.1,100.0
29.6,79,1.2,100,6.9,772.9,362.0,3600.0,8.5778,81.2289,10.0,-0.2588190451025208,-0.9659258262890684,-0.981947190186646,0.1891552687200409,876.8,100.0
30.3,61,0.0,21,3.9,838.7,155.0,3600.0,7.4839,80.3683,146.0,0.4999999999999999,-0.8660254037844387,-0.8235472349556007,0.5672476988027229,658.1,23.0
25.0,89,0.1,100,11.2,3.4,1.0,0.0,9.268,80.815,8.0,1.0,6.123233995736766e-17,-0.3251276029999093,0.9456701548465688,0.0,100.0
29.0,79,4.6,100,5.0,541.5,190.0,3600.0,7.93965,81.00274,60.0,-0.7071067811865471,-0.7071067811865479,-0.3893781415452015,0.9210779895789526,770.5,100.0
23.9,96,0.1,100,1.1,4.2,2.0,0.0,7.93965,81.00274,60.0,1.0,6.123233995736766e-17,-0.3251276029999093,0.9456701548465688,0.0,100.0
26.8,82,1.4,100,19.0,134.1,53.0,3600.0,8.0362,79.8283,8.0,-0.9659258262890684,-0.2588190451025206,-0.5699010576127624,0.8217133225960589,375.1,100.0
22.0,99,3.0,100,4.7,22.3,18.0,0.0,7.2906,80.6336,500.0,0.4999999999999999,-0.8660254037844387,-0.2759129450029604,0.9611826292540836,94.8,100.0
26.2,82,0.1,100,17.6,94.6,53.0,977.05,9.3961,80.3982,24.0,0.8660254037844387,-0.4999999999999998,-0.2924059769510773,0.956294277219772,30.4,100.0
17.3,87,1.0,100,2.3,323.6,162.0,3600.0,6.97078,80.78286,1868.0,0.8660254037844387,-0.4999999999999998,-0.8235472349556007,0.5672476988027229,106.2,100.0
21.5,89,0.0,72,5.7,20.7,10.0,1078.31,6.9802,81.0577,683.0,1.0,6.123233995736766e-17,-0.9903973200352558,0.1382503109109819,0.0,78.0
29.6,65,0.0,100,11.6,480.1,183.0,3600.0,9.3961,80.3982,24.0,-0.7071067811865471,-0.7071067811865479,-0.6115298757991053,0.7912213413483807,572.3,100.0
26.1,88,1.8,100,20.7,3.4,1.0,0.0,7.7102,81.6924,17.0,1.0,6.123233995736766e-17,-0.0558787569053731,0.9984375616565666,0.0,100.0
29.8,72,0.9,100,11.4,782.3,345.0,3600.0,6.93548,79.84868,7.0,0.258819045102521,-0.9659258262890682,-0.7142921172691032,0.699847677146407,650.1,93.0
27.6,82,0.4,100,18.7,314.9,139.0,3600.0,6.1241,81.1185,10.0,-0.8660254037844385,-0.5000000000000004,-0.5556819724760489,0.8313949395234058,573.8,100.0
23.9,98,0.1,100,2.6,4.5,3.0,0.0,5.94851,80.53528,9.0,1.0,6.123233995736766e-17,-0.8517119107469189,0.5240103253675756,0.0,100.0
23.9,91,0.0,12,3.6,12.2,7.0,294.44,7.4698,80.6217,366.0,-1.0,-1.8369701987210294e-16,-0.994788305609327,-0.1019618900517457,174.4,78.0
26.2,80,0.0,80,7.1,348.8,110.0,3600.0,6.5831,79.9593,7.0,0.8660254037844387,-0.4999999999999998,-0.141444067687942,0.989946248902378,120.2,63.0
23.1,92,0.3,100,5.4,15.2,7.0,707.97,7.4839,80.3683,146.0,1.0,6.123233995736766e-17,-0.9962102997023295,0.0869772313136861,0.0,100.0
28.8,71,0.4,100,8.7,711.8,312.0,3600.0,8.0362,79.8283,8.0,0.4999999999999999,-0.8660254037844387,-0.8935790198239952,0.4489059314938798,554.6,100.0
28.2,76,0.2,100,10.8,332.4,160.0,3600.0,7.0897,79.9925,21.0,-0.7071067811865471,-0.7071067811865479,-0.5839514998576998,0.8117885474764613,554.6,82.0
19.3,75,0.3,100,7.1,703.3,196.0,3600.0,6.97078,80.78286,1868.0,0.4999999999999999,-0.8660254037844387,-0.3251276029999093,0.9456701548465688,474.4,100.0
29.0,73,0.4,99,4.7,667.5,272.0,3600.0,6.6858,80.4036,73.0,0.4999999999999999,-0.8660254037844387,-0.9999994220246924,0.0010751512827982,644.9,92.0
26.8,87,1.2,100,6.6,229.4,129.0,1700.73,6.6858,80.4036,73.0,-0.4999999999999997,-0.8660254037844388,-0.978988873740932,-0.2039136706831147,546.3,100.0
27.4,78,0.0,100,13.1,566.5,194.0,3600.0,6.5831,79.9593,7.0,-0.7071067811865471,-0.7071067811865479,-0.3574644155648614,0.9339267592294762,793.6,67.0
27.4,84,0.0,100,1.5,382.3,167.0,3600.0,8.5778,81.2289,10.0,0.8660254037844387,-0.4999999999999998,-0.8605996962501181,0.5092820071573356,169.5,100.0
29.6,67,0.0,100,2.8,526.7,201.0,3600.0,8.7514,80.4971,104.0,0.7071067811865476,-0.7071067811865475,-0.8605996962501181,0.5092820071573356,179.0,100.0
28.8,81,2.4,100,6.0,799.4,247.0,3600.0,7.2523,80.3436,176.0,-0.2588190451025208,-0.9659258262890684,-0.8035476485339116,0.5952404359043674,910.9,80.0
26.0,88,1.0,100,14.2,251.4,115.0,3600.0,9.268,80.815,8.0,-0.7071067811865471,-0.7071067811865479,-0.7494423368521954,0.6620696215153815,347.8,100.0
25.5,87,0.5,100,6.7,2.7,1.0,0.0,7.93965,81.00274,60.0,-1.0,-1.8369701987210294e-16,-0.9223291176290545,0.3864052261209853,113.0,100.0
27.3,78,0.0,100,10.5,3.8,2.0,0.0,8.0362,79.8283,8.0,-1.0,-1.8369701987210294e-16,-0.8331829385891785,0.5529974600700271,137.1,100.0
31.1,53,0.0,79,7.6,901.4,332.0,3600.0,7.4698,80.6217,366.0,1.2246467991473532e-16,-1.0,-0.9823516608469236,-0.1870433490699165,276.7,100.0
26.4,82,0.0,100,11.8,303.7,148.0,3600.0,8.7514,80.4971,104.0,-0.8660254037844385,-0.5000000000000004,-0.0558787569053731,0.9984375616565666,509.3,100.0
28.6,74,0.0,24,32.4,988.8,185.0,3600.0,8.0362,79.8283,8.0,1.2246467991473532e-16,-1.0,-0.9993706508539968,0.0354725557531255,949.3,21.0
30.4,65,0.0,76,22.6,877.4,187.0,3600.0,8.0362,79.8283,8.0,-0.2588190451025208,-0.9659258262890684,-0.1923215052390948,0.9813319716704276,916.8,100.0
19.1,75,1.5,100,8.0,769.4,205.0,3600.0,6.97078,80.78286,1868.0,-0.4999999999999997,-0.8660254037844388,-0.5699010576127624,0.8217133225960589,787.1,91.0
24.2,94,0.8,100,2.9,63.9,41.0,0.0,6.8714,81.3487,151.0,0.7071067811865476,-0.7071067811865475,-0.6115298757991053,0.7912213413483807,9.1,100.0
26.7,74,0.0,100,23.2,8.5,4.0,142.04,8.31223,80.41306,100.0,-1.0,-1.8369701987210294e-16,-0.9999994220246924,0.0010751512827982,90.9,96.0
29.2,72,0.5,100,14.5,730.3,203.0,3600.0,9.3961,80.3982,24.0,-0.4999999999999997,-0.8660254037844388,-0.5839514998576998,0.8117885474764613,861.2,84.0
27.5,82,0.6,100,19.7,11.3,6.0,254.95,9.66845,80.00742,7.0,-1.0,-1.8369701987210294e-16,-0.9963950238187232,-0.0848348779057653,79.8,100.0
27.6,80,1.0,100,15.8,830.1,264.0,3600.0,6.8714,81.3487,151.0,0.258819045102521,-0.9659258262890682,-0.0386957901765268,0.999251037438848,703.2,100.0
25.1,90,0.0,97,0.8,185.6,77.0,3600.0,7.93965,81.00274,60.0,0.9659258262890684,-0.2588190451025206,-0.8235472349556007,0.5672476988027229,18.7,100.0
24.0,96,0.0,100,6.4,2.3,1.0,0.0,9.268,80.815,8.0,1.0,6.123233995736766e-17,-0.9785481345802032,0.2060183203251708,0.0,100.0
27.5,90,2.1,100,3.1,242.8,124.0,3600.0,6.6858,80.4036,73.0,-0.8660254037844385,-0.5000000000000004,-0.2924059769510773,0.956294277219772,442.9,100.0
30.4,63,0.0,54,25.3,420.0,92.0,3600.0,9.3961,80.3982,24.0,-0.8660254037844385,-0.5000000000000004,-0.9975590477788612,0.0698279757298708,617.7,97.0
24.6,96,1.3,100,4.6,21.2,15.0,0.0,6.6858,80.4036,73.0,-0.8660254037844385,-0.5000000000000004,-0.9850556718215012,0.172236243027682,61.5,100.0
26.1,82,0.0,100,1.9,14.3,7.0,578.27,7.29754,81.68202,37.0,1.0,6.123233995736766e-17,-0.9977068927101168,-0.0676827617545516,0.0,100.0
28.3,75,0.8,92,12.1,926.3,178.0,3600.0,7.7102,81.6924,17.0,-0.2588190451025208,-0.9659258262890684,-0.9410336347451196,0.3383130181923076,922.3,91.0
27.2,76,0.5,100,5.8,742.1,309.0,3600.0,7.4698,80.6217,366.0,0.258819045102521,-0.9659258262890682,-0.7379428103031386,0.6748632518680403,721.2,100.0
30.3,69,0.6,98,13.0,965.5,185.0,3600.0,7.29754,81.68202,37.0,1.2246467991473532e-16,-1.0,-0.8425720899866032,0.5385835804920232,910.4,79.0
15.3,95,0.9,100,0.8,65.9,43.0,0.0,6.97078,80.78286,1868.0,0.7071067811865476,-0.7071067811865475,-0.6115298757991053,0.7912213413483807,37.4,100.0
28.8,82,0.8,100,1.8,682.3,261.0,3600.0,9.268,80.815,8.0,-0.2588190451025208,-0.9659258262890684,-0.6772399381909491,0.7357622347736527,436.0,100.0
30.6,63,0.6,89,8.7,767.3,182.0,3600.0,8.31223,80.41306,100.0,-0.4999999999999997,-0.8660254037844388,-0.9155458729775467,0.4022135682368036,930.3,34.0
27.3,89,0.9,23,4.6,367.8,95.0,3600.0,8.7514,80.4971,104.0,-0.8660254037844385,-0.5000000000000004,-0.7717727365467836,0.6358984534680745,577.6,83.0
16.1,94,2.5,100,3.5,51.3,34.0,0.0,6.97078,80.78286,1868.0,-0.7071067811865471,-0.7071067811865479,-0.7825970017677834,0.6225286602431057,175.6,100.0
23.6,96,0.0,100,5.5,114.7,63.0,1338.15,7.4698,80.6217,366.0,0.8660254037844387,-0.4999999999999998,-0.5412984521036173,0.8408305333122887,45.2,100.0
23.7,92,0.0,14,3.3,11.9,7.0,291.22,6.6858,80.4036,73.0,1.0,6.123233995736766e-17,-0.9882042449941422,-0.15314166701312,0.0,14.0
27.4,83,3.3,96,9.0,274.6,135.0,3600.0,6.93548,79.84868,7.0,-0.8660254037844385,-0.5000000000000004,-0.225963608248019,0.974135744004672,591.4,75.0
26.4,83,0.0,100,4.7,551.1,279.0,3600.0,7.29754,81.68202,37.0,1.2246467991473532e-16,-1.0,-0.5412984521036173,0.8408305333122887,275.9,100.0
26.8,81,0.0,26,16.8,391.7,103.0,3600.0,8.0362,79.8283,8.0,0.8660254037844387,-0.4999999999999998,-0.5267547528105542,0.8500173118187018,147.2,100.0
29.6,75,1.5,64,15.9,902.5,148.0,3600.0,6.1241,81.1185,10.0,-0.2588190451025208,-0.9659258262890684,-0.225963608248019,0.974135744004672,947.6,41.0
25.8,90,0.0,100,1.8,261.4,152.0,2165.61,9.268,80.815,8.0,0.4999999999999999,-0.8660254037844387,-0.6515303615068021,0.75862255966641,142.3,100.0
26.2,81,0.0,100,4.7,603.1,232.0,3600.0,7.2906,80.6336,500.0,0.7071067811865476,-0.7071067811865475,-0.7825970017677834,0.6225286602431057,365.0,100.0
24.8,93,2.7,88,4.5,329.6,152.0,3600.0,7.4698,80.6217,366.0,-0.8660254037844385,-0.5000000000000004,-0.9467139181463862,0.3220757010206104,539.3,90.0
28.2,71,0.1,100,15.9,595.1,207.0,3600.0,6.5831,79.9593,7.0,-0.7071067811865471,-0.7071067811865479,-0.141444067687942,0.989946248902378,827.7,99.0
20.8,69,0.3,100,6.0,787.8,308.0,3600.0,6.97078,80.78286,1868.0,0.4999999999999999,-0.8660254037844387,-0.8605996962501181,0.5092820071573356,641.7,100.0
29.6,73,0.5,66,19.7,934.1,242.0,3600.0,6.1241,81.1185,10.0,1.2246467991473532e-16,-1.0,-0.5556819724760489,0.8313949395234058,894.0,92.0
28.2,69,0.0,100,9.5,593.6,260.0,3600.0,8.31223,80.41306,100.0,0.258819045102521,-0.9659258262890682,-0.9785481345802032,0.2060183203251708,408.5,100.0
15.3,97,0.1,86,6.4,8.6,4.0,203.17,6.97078,80.78286,1868.0,-1.0,-1.8369701987210294e-16,-0.9993706508539968,0.0354725557531255,93.3,98.0
25.3,92,1.8,99,6.6,332.8,184.0,3497.83,7.4839,80.3683,146.0,-0.4999999999999997,-0.8660254037844388,-0.9708824104813836,0.239556559120927,434.7,100.0
31.2,67,0.4,55,3.3,834.7,175.0,3600.0,6.6858,80.4036,73.0,0.258819045102521,-0.9659258262890682,-0.3734765374130707,0.9276396261490468,801.3,75.0
28.9,70,0.3,63,19.7,818.7,226.0,3600.0,8.31223,80.41306,100.0,0.258819045102521,-0.9659258262890682,-0.2091735056463563,0.9778785428342386,518.4,88.0
27.4,77,0.0,100,9.0,276.5,149.0,3600.0,6.5831,79.9593,7.0,0.8660254037844387,-0.4999999999999998,-0.9666180104000972,0.2562218218071163,115.2,100.0
26.7,81,0.0,100,9.2,152.1,62.0,3600.0,6.0461,80.2103,24.0,-0.9659258262890684,-0.2588190451025206,-0.9666180104000972,0.2562218218071163,395.5,41.0
29.6,60,0.0,100,15.1,942.7,233.0,3600.0,6.8714,81.3487,151.0,1.2246467991473532e-16,-1.0,-0.141444067687942,0.989946248902378,930.7,76.0
26.6,84,0.0,100,6.0,135.1,67.0,3600.0,7.7102,81.6924,17.0,0.9659258262890684,-0.2588190451025206,-0.7931896839451843,0.6089746507720486,12.1,100.0
27.2,88,2.7,100,2.6,166.0,93.0,1488.53,6.6858,80.4036,73.0,-0.7071067811865471,-0.7071067811865479,-0.8331829385891785,0.5529974600700271,527.8,92.0
26.4,91,1.5,96,9.0,643.3,249.0,3600.0,8.7514,80.4971,104.0,0.4999999999999999,-0.8660254037844387,-0.7494423368521954,0.6620696215153815,594.2,96.0
27.4,75,0.0,100,14.4,322.7,121.0,3600.0,9.3961,80.3982,24.0,-0.8660254037844385,-0.5000000000000004,-0.5120551783114646,0.8589525565270845,538.7,94.0
27.5,82,0.3,100,9.0,292.0,125.0,3600.0,7.7102,81.6924,17.0,-0.8660254037844385,-0.5000000000000004,-0.6515303615068021,0.75862255966641,484.1,100.0
28.7,75,0.5,100,10.7,711.2,265.0,3600.0,7.29754,81.68202,37.0,0.4999999999999999,-0.8660254037844387,-0.3574644155648614,0.9339267592294762,559.1,100.0
28.1,79,0.0,7,21.1,198.7,57.0,3600.0,9.66845,80.00742,7.0,-0.9659258262890684,-0.2588190451025206,-0.9928872135356962,-0.1190587300340498,448.3,10.0
29.6,67,0.0,15,19.6,423.0,95.0,3600.0,8.98945,79.87842,9.0,-0.8660254037844385,-0.5000000000000004,-0.9945667569706336,0.1041007489354256,655.5,6.0
27.5,75,0.0,100,5.6,422.6,241.0,3600.0,8.0362,79.8283,8.0,0.258819045102521,-0.9659258262890682,-0.8776087166898392,0.4793776594606945,341.5,100.0
26.2,85,2.6,100,6.6,465.2,199.0,3600.0,7.0897,79.9925,21.0,-0.7071067811865471,-0.7071067811865479,-0.0386957901765268,0.999251037438848,319.3,100.0
25.4,92,1.0,26,5.7,132.5,52.0,3600.0,8.5778,81.2289,10.0,-0.9659258262890684,-0.2588190451025206,-0.9666180104000972,0.2562218218071163,369.4,95.0
28.6,80,0.0,51,20.0,348.6,110.0,3600.0,7.7102,81.6924,17.0,-0.8660254037844385,-0.5000000000000004,-0.4051645224207563,0.9142437912130223,587.7,100.0
27.4,79,0.0,100,13.1,375.9,97.0,3600.0,6.5831,79.9593,7.0,-0.7071067811865471,-0.7071067811865479,-0.5839514998576998,0.8117885474764613,510.1,100.0
27.6,86,1.3,100,7.4,723.3,342.0,3600.0,8.7514,80.4971,104.0,-0.2588190451025208,-0.9659258262890684,-0.8035476485339116,0.5952404359043674,829.7,100.0
26.6,86,0.9,100,3.2,225.6,129.0,3600.0,7.29754,81.68202,37.0,0.8660254037844387,-0.4999999999999998,-0.9975590477788612,0.0698279757298708,124.8,100.0
31.3,56,0.2,59,10.9,755.0,151.0,3600.0,8.5778,81.2289,10.0,-0.4999999999999997,-0.8660254037844388,-0.9350748843515574,0.3544502230989869,919.6,61.0
27.3,73,0.0,100,5.5,379.7,202.0,3600.0,7.4839,80.3683,146.0,1.2246467991473532e-16,-1.0,-0.2091735056463563,0.9778785428342386,320.5,100.0
24.4,78,0.0,35,2.7,209.1,75.0,3600.0,6.9802,81.0577,683.0,0.9659258262890684,-0.2588190451025206,-0.9945667569706336,0.1041007489354256,20.5,100.0
29.7,75,2.7,65,4.8,852.9,280.0,3600.0,6.6858,80.4036,73.0,-0.2588190451025208,-0.9659258262890684,-0.8331829385891785,0.5529974600700271,849.9,76.0
24.2,95,0.0,100,5.4,5.3,3.0,0.0,7.2523,80.3436,176.0,-1.0,-1.8369701987210294e-16,-0.9993706508539968,0.0354725557531255,117.8,100.0
28.7,71,0.2,100,21.3,750.1,310.0,3600.0,8.31223,80.41306,100.0,1.2246467991473532e-16,-1.0,-0.0386957901765268,0.999251037438848,814.9,94.0
26.8,79,0.0,100,22.1,13.9,7.0,504.22,9.3961,80.3982,24.0,1.0,6.123233995736766e-17,-0.9986126020839734,0.052658056924614,0.0,86.0
28.2,74,0.1,17,14.0,374.5,95.0,3600.0,7.29754,81.68202,37.0,-0.8660254037844385,-0.5000000000000004,-0.9155458729775467,0.4022135682368036,611.5,24.0
28.2,74,3.5,100,7.1,566.3,186.0,3600.0,6.8714,81.3487,151.0,-0.7071067811865471,-0.7071067811865479,-0.8935790198239952,0.4489059314938798,758.3,100.0
25.9,86,0.0,100,6.7,346.0,150.0,3600.0,7.93965,81.00274,60.0,0.8660254037844387,-0.4999999999999998,-0.5412984521036173,0.8408305333122887,114.6,100.0
30.6,68,0.8,100,6.0,811.2,324.0,3600.0,7.0897,79.9925,21.0,1.2246467991473532e-16,-1.0,-0.6515303615068021,0.75862255966641,823.8,100.0
24.7,94,0.0,100,6.6,30.3,21.0,0.0,7.0897,79.9925,21.0,0.8660254037844387,-0.4999999999999998,-0.9926289059345096,0.121193461470736,12.3,100.0
25.0,95,2.4,100,1.5,4.3,3.0,0.0,6.6858,80.4036,73.0,-0.9659258262890684,-0.2588190451025206,-0.6250496486104377,0.7805849965070866,10.3,100.0
26.7,83,0.1,64,11.2,3.4,1.0,0.0,7.7102,81.6924,17.0,-1.0,-1.8369701987210294e-16,-0.3734765374130707,0.9276396261490468,132.3,16.0
24.7,79,0.1,100,7.7,295.6,139.0,3600.0,6.9802,81.0577,683.0,-0.8660254037844385,-0.5000000000000004,-0.1923215052390948,0.9813319716704276,505.4,100.0
30.3,62,0.1,100,13.9,635.7,274.0,3600.0,6.8714,81.3487,151.0,-0.2588190451025208,-0.9659258262890684,-0.5839514998576998,0.8117885474764613,633.8,100.0
27.4,82,0.0,30,12.1,123.2,43.0,3600.0,9.3961,80.3982,24.0,-0.9659258262890684,-0.2588190451025206,-0.6897960046655887,0.7240037789593305,328.4,100.0
25.2,90,0.4,100,5.6,16.8,9.0,850.17,7.0897,79.9925,21.0,-1.0,-1.8369701987210294e-16,-0.9854237542919524,-0.1701176783204905,170.5,97.0
26.8,84,0.0,100,2.9,404.4,150.0,3600.0,7.93965,81.00274,60.0,0.8660254037844387,-0.4999999999999998,-0.8235472349556007,0.5672476988027229,185.6,97.0
28.6,80,1.9,95,8.4,416.8,197.0,3600.0,7.93965,81.00274,60.0,-0.7071067811865471,-0.7071067811865479,-0.3574644155648614,0.9339267592294762,668.0,82.0
31.6,59,0.1,74,9.0,821.0,349.0,3600.0,6.6858,80.4036,73.0,1.2246467991473532e-16,-1.0,-0.9854237542919524,-0.1701176783204905,951.5,84.0
24.2,94,0.9,100,2.0,2.5,1.0,0.0,6.6858,80.4036,73.0,-1.0,-1.8369701987210294e-16,-0.9521140536681102,0.3057430764672831,9.3,100.0
29.3,73,2.0,100,10.2,815.7,276.0,3600.0,6.93548,79.84868,7.0,0.258819045102521,-0.9659258262890682,-0.3893781415452015,0.9210779895789526,728.9,100.0
25.1,95,1.4,100,9.1,132.4,73.0,2228.96,8.5778,81.2289,10.0,-0.8660254037844385,-0.5000000000000004,-0.7494423368521954,0.6620696215153815,125.2,100.0
23.8,90,0.0,64,4.1,25.8,11.0,1512.74,7.29754,81.68202,37.0,1.0,6.123233995736766e-17,-0.9223291176290545,0.3864052261209853,0.0,98.0
28.2,76,0.1,100,1.8,218.4,125.0,2194.18,8.98945,79.87842,9.0,0.7071067811865476,-0.7071067811865475,-0.8517119107469189,0.5240103253675756,338.9,100.0
27.2,89,0.6,93,1.8,142.2,57.0,3600.0,8.5778,81.2289,10.0,-0.9659258262890684,-0.2588190451025206,-0.9878726596350428,0.1552662498599956,388.9,100.0
26.7,65,0.0,100,10.0,921.6,237.0,3600.0,6.9802,81.0577,683.0,0.258819045102521,-0.9659258262890682,-0.5839514998576998,0.8117885474764613,811.3,100.0
27.9,78,0.0,100,25.0,131.9,69.0,3600.0,8.98945,79.87842,9.0,-0.9659258262890684,-0.2588190451025206,-0.9987235240803972,-0.0505106171852228,385.1,100.0
27.7,82,1.0,96,20.2,835.0,257.0,3600.0,9.3961,80.3982,24.0,1.2246467991473532e-16,-1.0,-0.1923215052390948,0.9813319716704276,806.9,98.0
29.2,66,0.0,54,12.1,466.6,214.0,3600.0,8.7514,80.4971,104.0,-0.7071067811865471,-0.7071067811865479,-0.9708824104813836,0.239556559120927,619.4,67.0
23.1,95,3.3,100,2.1,84.2,39.0,3582.91,7.2906,80.6336,500.0,-0.9659258262890684,-0.2588190451025206,-0.3893781415452015,0.9210779895789526,282.0,100.0
27.0,76,1.6,100,3.8,735.8,326.0,3600.0,7.2906,80.6336,500.0,0.258819045102521,-0.9659258262890682,-0.8935790198239952,0.4489059314938798,781.5,100.0
28.7,80,1.1,62,8.9,862.0,255.0,3600.0,7.0897,79.9925,21.0,0.258819045102521,-0.9659258262890682,-0.4208310085956556,0.9071390534005044,760.3,47.0
30.3,55,0.0,92,9.7,830.3,122.0,3600.0,7.4698,80.6217,366.0,-0.4999999999999997,-0.8660254037844388,-0.1243945048397999,0.9922328391893008,905.2,100.0
33.4,46,0.0,100,17.5,444.8,210.0,3600.0,8.5778,81.2289,10.0,-0.7071067811865471,-0.7071067811865479,-0.9987235240803972,-0.0505106171852228,640.3,100.0
29.7,72,0.4,17,8.3,937.9,145.0,3600.0,5.94851,80.53528,9.0,-0.2588190451025208,-0.9659258262890684,-0.8605996962501181,0.5092820071573356,887.2,58.0
28.3,68,0.1,100,8.9,687.8,234.0,3600.0,7.4698,80.6217,366.0,-0.4999999999999997,-0.8660254037844388,-0.0901900042703451,0.99592457702866,737.6,88.0
31.9,54,0.0,100,15.5,118.7,78.0,0.0,7.93965,81.00274,60.0,-0.2588190451025208,-0.9659258262890684,-0.9945667569706336,0.1041007489354256,505.4,98.0
23.3,95,0.0,100,3.1,17.2,7.0,769.65,8.7514,80.4971,104.0,1.0,6.123233995736766e-17,-0.8935790198239952,0.4489059314938798,0.0,100.0
25.4,88,0.2,25,5.9,9.9,6.0,121.6,6.5831,79.9593,7.0,1.0,6.123233995736766e-17,-0.9854237542919524,-0.1701176783204905,0.0,21.0
27.6,79,1.1,76,17.1,929.0,311.0,3600.0,6.5831,79.9593,7.0,1.2246467991473532e-16,-1.0,-0.9977068927101168,-0.0676827617545516,938.5,50.0
31.6,59,0.7,65,5.8,904.3,274.0,3600.0,8.5778,81.2289,10.0,1.2246467991473532e-16,-1.0,-0.9350748843515574,0.3544502230989869,961.2,29.0
30.2,52,0.0,52,8.2,986.8,167.0,3600.0,6.9802,81.0577,683.0,0.258819045102521,-0.9659258262890682,-0.9963950238187232,-0.0848348779057653,870.3,100.0
30.4,68,0.1,100,22.9,277.9,125.0,3600.0,6.93548,79.84868,7.0,-0.8660254037844385,-0.5000000000000004,-0.0730451882110474,0.9973286321364752,466.6,100.0
24.9,95,2.3,100,3.9,98.8,55.0,1071.52,7.4698,80.6217,366.0,-0.8660254037844385,-0.5000000000000004,-0.6250496486104377,0.7805849965070866,290.0,100.0
25.4,85,0.0,100,5.8,285.9,125.0,3600.0,8.7514,80.4971,104.0,0.8660254037844387,-0.4999999999999998,-0.9748595108374124,0.2228204077947995,10.3,100.0
29.5,68,0.1,69,10.1,858.4,151.0,3600.0,6.1241,81.1185,10.0,0.4999999999999999,-0.8660254037844387,-0.8857249183835637,0.4642104791518923,647.7,100.0
30.0,64,0.0,100,9.2,750.2,249.0,3600.0,5.94851,80.53528,9.0,-0.4999999999999997,-0.8660254037844388,-0.8857249183835637,0.4642104791518923,870.2,100.0
27.9,73,0.0,100,8.9,499.8,208.0,3600.0,8.7514,80.4971,104.0,0.7071067811865476,-0.7071067811865475,-0.3413465142450361,0.9399375283564132,307.5,100.0
25.8,83,0.1,100,20.1,10.7,6.0,249.99,6.1241,81.1185,10.0,-1.0,-1.8369701987210294e-16,-0.978988873740932,-0.2039136706831147,149.6,100.0
28.2,79,0.4,100,14.3,722.9,324.0,3600.0,8.31223,80.41306,100.0,0.258819045102521,-0.9659258262890682,-0.3574644155648614,0.9339267592294762,675.9,100.0
24.7,93,1.0,100,10.7,223.6,95.0,3600.0,8.31223,80.41306,100.0,-0.7071067811865471,-0.7071067811865479,-0.4972040784469378,0.8676336233547726,26.4,100.0
28.0,78,0.0,39,7.7,605.8,131.0,3600.0,6.8714,81.3487,151.0,0.7071067811865476,-0.7071067811865475,-0.2426868445825954,0.9701046827361176,395.4,19.0
29.4,66,0.0,100,8.1,375.7,205.0,3600.0,7.4839,80.3683,146.0,-0.4999999999999997,-0.8660254037844388,-0.5412984521036173,0.8408305333122887,557.6,100.0
29.3,74,1.1,45,11.2,865.4,210.0,3600.0,8.98945,79.87842,9.0,-0.2588190451025208,-0.9659258262890684,-0.5556819724760489,0.8313949395234058,909.1,52.0
30.2,66,0.2,100,10.6,810.4,261.0,3600.0,9.268,80.815,8.0,-0.2588190451025208,-0.9659258262890684,-0.7717727365467836,0.6358984534680745,866.9,100.0
25.7,75,0.7,100,8.4,795.0,168.0,3600.0,6.9802,81.0577,683.0,-0.4999999999999997,-0.8660254037844388,-0.5699010576127624,0.8217133225960589,932.6,31.0
30.0,66,0.3,93,18.1,872.1,321.0,3600.0,6.93548,79.84868,7.0,-0.2588190451025208,-0.9659258262890684,-0.9785481345802032,0.2060183203251708,797.7,100.0
22.6,96,0.0,100,4.0,1.0,1.0,0.0,7.2523,80.3436,176.0,1.0,6.123233995736766e-17,-0.4822058478963526,0.8760579434344281,0.0,100.0
26.2,76,0.0,100,7.2,114.1,51.0,3600.0,7.7102,81.6924,17.0,0.9659258262890684,-0.2588190451025206,-0.9998699583618592,-0.0161265732706577,18.7,97.0
29.1,70,0.0,42,12.6,911.0,145.0,3600.0,6.0461,80.2103,24.0,-0.2588190451025208,-0.9659258262890684,-0.6897960046655887,0.7240037789593305,944.9,48.0
30.1,69,0.0,50,16.4,766.6,183.0,3600.0,7.29754,81.68202,37.0,-0.4999999999999997,-0.8660254037844388,-0.7607200913564104,0.6490800741100398,914.0,45.0
28.2,68,1.1,100,9.4,36.6,21.0,121.88,7.29754,81.68202,37.0,-0.9659258262890684,-0.2588190451025206,-0.9753363880767836,-0.2207236509605022,35.8,100.0
25.6,82,1.0,100,10.5,838.7,285.0,3600.0,6.9802,81.0577,683.0,-0.2588190451025208,-0.9659258262890684,-0.2924059769510773,0.956294277219772,885.2,100.0
26.1,87,0.8,100,16.6,3.4,1.0,0.0,7.7102,81.6924,17.0,-1.0,-1.8369701987210294e-16,-0.3413465142450361,0.9399375283564132,119.4,98.0
31.1,59,0.0,5,8.4,959.4,151.0,3600.0,6.93548,79.84868,7.0,0.258819045102521,-0.9659258262890682,-0.9155458729775467,0.4022135682368036,850.2,11.0
26.4,83,0.0,100,20.2,10.0,4.0,82.79,6.1241,81.1185,10.0,-1.0,-1.8369701987210294e-16,-0.1923215052390948,0.9813319716704276,140.3,100.0
27.0,80,0.0,100,2.8,323.4,159.0,3600.0,6.0461,80.2103,24.0,0.8660254037844387,-0.4999999999999998,-0.6644834655228552,0.7473029667054296,127.2,100.0
29.6,64,0.0,91,14.4,885.7,260.0,3600.0,7.7102,81.6924,17.0,-0.2588190451025208,-0.9659258262890684,-0.9666180104000972,0.2562218218071163,998.0,35.0
27.6,82,0.1,100,2.7,253.5,151.0,1449.91,6.93548,79.84868,7.0,1.2246467991473532e-16,-1.0,-0.6115298757991053,0.7912213413483807,230.1,100.0
27.9,78,1.1,75,5.1,764.9,259.0,3600.0,5.94851,80.53528,9.0,1.2246467991473532e-16,-1.0,-0.9521140536681102,0.3057430764672831,121.1,100.0
29.3,66,0.0,100,15.8,589.2,172.0,3600.0,7.4839,80.3683,146.0,-0.7071067811865471,-0.7071067811865479,-0.3088124812662537,0.9511229423235356,767.2,100.0
27.9,77,0.5,100,9.2,410.1,153.0,3600.0,7.2523,80.3436,176.0,-0.8660254037844385,-0.5000000000000004,-0.9854237542919524,-0.1701176783204905,643.6,100.0
27.5,83,0.0,58,1.1,422.9,112.0,3600.0,7.0897,79.9925,21.0,0.8660254037844387,-0.4999999999999998,-0.7021479494046978,0.7120310787787131,154.1,100.0
34.4,47,0.0,39,33.4,1007.8,141.0,3600.0,6.1241,81.1185,10.0,1.2246467991473532e-16,-1.0,-0.994788305609327,-0.1019618900517457,961.6,70.0
23.9,97,0.0,100,4.2,17.6,6.0,830.8,5.94851,80.53528,9.0,1.0,6.123233995736766e-17,-0.7021479494046978,0.7120310787787131,0.0,100.0
24.3,94,0.0,100,1.9,53.8,29.0,871.99,7.2523,80.3436,176.0,0.9659258262890684,-0.2588190451025206,-0.9878726596350428,0.1552662498599956,4.4,100.0
32.6,48,0.0,100,25.7,670.9,144.0,3600.0,7.93965,81.00274,60.0,0.7071067811865476,-0.7071067811865475,-0.9987235240803972,-0.0505106171852228,422.2,60.0
31.4,54,0.0,86,13.5,819.4,276.0,3600.0,7.4839,80.3683,146.0,1.2246467991473532e-16,-1.0,-0.0043005927029819,0.9999907524084426,899.4,82.0
30.0,74,1.8,100,7.6,735.8,207.0,3600.0,7.93965,81.00274,60.0,-0.4999999999999997,-0.8660254037844388,-0.6772399381909491,0.7357622347736527,780.5,100.0
29.3,67,0.0,100,26.7,306.6,133.0,3600.0,9.3961,80.3982,24.0,0.8660254037844387,-0.4999999999999998,-0.9998699583618592,-0.0161265732706577,160.7,83.0
27.6,71,0.0,100,13.0,366.5,195.0,3600.0,5.94851,80.53528,9.0,0.4999999999999999,-0.8660254037844387,-0.0386957901765268,0.999251037438848,383.6,98.0
26.8,80,1.2,100,4.1,36.4,19.0,291.95,6.93548,79.84868,7.0,-0.9659258262890684,-0.2588190451025206,-0.5699010576127624,0.8217133225960589,291.2,32.0
